#{"t_start": 1529849452.8581557, "env_id": "BreakoutNoFrameskip-v4"}
r,l,t
1.0,157,3.684756
1.0,173,4.649204
0.0,125,5.308827
1.0,173,6.24529
1.0,153,7.043833
2.0,204,8.101229
0.0,127,8.742863
2.0,202,9.951168
7.0,321,11.671183
2.0,201,12.736572
0.0,129,13.376205
0.0,129,14.013839
1.0,157,14.88434
1.0,157,15.907754
1.0,153,16.814238
2.0,203,17.882624
1.0,175,18.756121
2.0,198,19.819513
2.0,198,20.87591
1.0,175,21.780391
1.0,173,22.655887
0.0,127,23.252552
1.0,176,24.173018
3.0,271,25.602199
2.0,185,26.969416
4.0,281,28.723412
3.0,248,30.485401
1.0,155,31.318924
0.0,125,32.00753
4.0,297,33.830485
4.0,321,35.837335
1.0,175,36.783794
1.0,155,37.639306
2.0,221,38.714686
0.0,129,39.38964
1.0,173,40.251146
0.0,127,40.878786
2.0,204,41.966163
3.0,250,43.274415
0.0,127,43.904058
2.0,187,44.837518
5.0,352,46.640487
3.0,249,47.911757
2.0,183,48.92018
3.0,268,50.453302
1.0,173,51.375772
2.0,185,52.318234
2.0,204,53.346644
3.0,250,54.641901
11.0,497,57.242412
4.0,301,59.203287
0.0,129,59.962856
3.0,272,61.38404
2.0,200,73.043447
1.0,171,86.624177
1.0,173,103.256084
0.0,129,112.814173
2.0,200,127.958497
4.0,281,150.399639
1.0,155,162.515697
3.0,214,179.621896
1.0,171,193.774787
0.0,127,203.617147
1.0,175,217.584145
0.0,129,227.25261
0.0,125,237.365811
0.0,123,248.391572
3.0,250,271.507322
3.0,234,291.005151
0.0,127,301.814957
0.0,127,311.655318
1.0,155,325.288508
1.0,175,341.266354
2.0,184,358.034746
0.0,129,368.046008
0.0,127,379.626488
2.0,204,398.280308
0.0,123,407.718911
1.0,157,419.791994
2.0,220,436.633344
1.0,171,448.334639
1.0,155,461.625028
2.0,207,477.535126
1.0,171,490.224867
0.0,129,500.604923
1.0,155,513.07478
2.0,202,528.689831
0.0,127,538.840014
2.0,225,556.73476
2.0,183,570.517868
3.0,268,590.96667
1.0,177,604.049175
0.0,129,613.272892
3.0,229,630.192196
3.0,272,649.706017
0.0,125,658.58293
1.0,173,671.071775
2.0,188,685.126722
0.0,125,695.021832
0.0,127,704.227556
2.0,227,724.524926
1.0,173,741.310309
2.0,201,759.782794
1.0,172,772.118325
3.0,252,793.544015
2.0,222,810.569258
1.0,157,821.787832
3.0,254,840.90288
1.0,173,853.758514
3.0,266,873.848006
1.0,157,885.363405
2.0,187,899.013584
1.0,172,911.770276
1.0,155,923.006837
1.0,176,937.014652
1.0,155,948.612018
0.0,129,958.342442
1.0,153,971.030172
2.0,204,987.770578
0.0,127,999.046118
1.0,177,1014.585219
0.0,127,1025.933715
1.0,155,1042.961934
0.0,127,1054.174554
2.0,225,1073.33661
5.0,331,1101.236623
2.0,182,1115.849253
2.0,201,1134.194457
0.0,127,1143.500633
0.0,127,1154.322955
2.0,200,1169.450287
3.0,269,1190.519215
3.0,232,1208.920794
4.0,296,1232.417333
4.0,247,1252.495911
3.0,248,1272.30356
0.0,129,1281.810114
0.0,129,1291.826375
0.0,129,1302.709139
6.0,398,1336.666191
0.0,127,1346.062806
1.0,173,1359.473123
1.0,153,1371.544207
2.0,199,1391.596501
3.0,214,1408.33843
1.0,175,1421.885729
0.0,129,1431.858551
2.0,181,1445.575692
5.0,350,1474.1958
1.0,155,1485.933076
1.0,176,1499.287424
0.0,127,1509.181324
1.0,151,1520.717708
4.0,319,1545.488597
1.0,176,1559.024839
0.0,127,1567.947727
0.0,129,1577.645171
2.0,180,1592.067909
0.0,127,1601.169693
0.0,129,1611.574731
0.0,129,1622.542447
0.0,125,1633.662736
1.0,175,1646.543357
1.0,171,1660.790195
1.0,173,1676.506207
2.0,202,1695.056578
0.0,129,1705.600536
1.0,178,1721.960164
1.0,172,1736.236983
1.0,157,1752.293219
0.0,125,1762.854794
2.0,202,1777.871187
1.0,155,1789.177708
0.0,127,1799.661262
2.0,190,1817.586
1.0,157,1831.085338
1.0,175,1844.248797
6.0,372,1874.266671
3.0,230,1894.746948
1.0,158,1907.460654
0.0,127,1916.842279
0.0,129,1926.61568
2.0,183,1941.320255
1.0,178,1957.610922
1.0,175,1974.786589
0.0,125,1985.839255
0.0,129,1997.631497
0.0,125,2006.492422
1.0,155,2018.245687
1.0,174,2033.59989
2.0,202,2049.08102
1.0,173,2063.78611
1.0,157,2079.811928
2.0,203,2100.943821
0.0,129,2113.400681
0.0,129,2125.093982
1.0,176,2140.307265
2.0,200,2159.569741
2.0,201,2177.795254
1.0,155,2189.589496
0.0,129,2200.447274
2.0,206,2216.041346
2.0,225,2232.788745
2.0,222,2250.016875
2.0,199,2265.711974
3.0,249,2285.98844
0.0,127,2296.630343
2.0,220,2313.586627
0.0,127,2322.702403
0.0,127,2331.921123
0.0,127,2341.113856
0.0,129,2354.832106
3.0,234,2373.889187
4.0,261,2394.769731
2.0,204,2411.357227
2.0,223,2427.831787
1.0,153,2438.883456
0.0,127,2447.730388
0.0,129,2456.998079
1.0,157,2468.370562
1.0,155,2479.855981
0.0,129,2490.173035
5.0,346,2516.961686
4.0,283,2538.358428
1.0,173,2551.230054
1.0,157,2562.4886
0.0,125,2571.661345
6.0,400,2603.276232
1.0,171,2616.039917
3.0,278,2637.356706
1.0,170,2649.802574
2.0,204,2665.035849
4.0,282,2686.424592
2.0,223,2704.824314
0.0,129,2713.860137
2.0,199,2728.83256
5.0,314,2754.78469
1.0,159,2766.363054
0.0,129,2775.623748
5.0,366,2803.798611
1.0,173,2816.344417
3.0,277,2842.031797
0.0,129,2851.477386
1.0,174,2864.396983
4.0,264,2884.129679
0.0,125,2893.553279
0.0,127,2903.814503
1.0,173,2917.550634
3.0,235,2935.559314
0.0,129,2944.899965
1.0,153,2956.271449
5.0,350,2983.257987
8.0,371,3012.411287
1.0,155,3023.569892
4.0,289,3046.497754
4.0,249,3067.639148
7.0,408,3101.991466
7.0,370,3135.536761
3.0,233,3155.465343
2.0,202,3172.799921
3.0,214,3191.762057
2.0,184,3208.301115
0.0,127,3217.10707
2.0,223,3234.838909
11.0,479,3277.925245
3.0,216,3298.402513
3.0,272,3320.666756
4.0,279,3344.708519
2.0,224,3368.260843
1.0,153,3385.052845
5.0,350,3425.854651
9.0,406,3465.266869
1.0,175,3480.414192
2.0,188,3496.094207
5.0,327,3523.493511
3.0,238,3542.412811
4.0,285,3564.852427
4.0,281,3591.242849
6.0,384,3622.458967
4.0,280,3645.580714
3.0,230,3664.836684
3.0,237,3686.14705
4.0,263,3708.864036
16.0,457,3747.873079
4.0,284,3771.933295
2.0,224,3790.406238
3.0,232,3808.917221
2.0,202,3826.134003
6.0,382,3858.352544
5.0,332,3890.228544
7.0,412,3923.212646
3.0,234,3940.712619
3.0,236,3958.164622
9.0,327,3983.183285
6.0,387,4012.954227
4.0,321,4037.035431
5.0,298,4061.091816
5.0,320,4087.129517
4.0,263,4109.902828
4.0,284,4139.128084
5.0,310,4173.4834
5.0,330,4205.857852
5.0,294,4235.776455
5.0,329,4265.346107
14.0,574,4311.982979
7.0,393,4342.620425
4.0,245,4361.165799
6.0,384,4392.552089
7.0,343,4420.211241
8.0,453,4456.193625
7.0,351,4486.789819
10.0,379,4516.082034
8.0,440,4549.636811
4.0,258,4568.901773
5.0,317,4593.463699
13.0,456,4631.942727
6.0,383,4667.173881
4.0,261,4689.883868
7.0,396,4723.641692
10.0,521,4770.456284
3.0,236,4800.144178
4.0,321,4832.204529
7.0,404,4870.281883
6.0,324,4898.451251
4.0,262,4926.335546
3.0,253,4952.52713
9.0,398,4986.673566
3.0,270,5011.311477
7.0,408,5047.92747
6.0,375,5090.586651
12.0,523,5144.313408
13.0,452,5188.790838
8.0,408,5227.414231
12.0,458,5267.854568
8.0,501,5309.704296
5.0,330,5335.500877
9.0,404,5367.492546
4.0,277,5388.818328
7.0,449,5425.061126
4.0,302,5448.348784
6.0,345,5474.743659
8.0,417,5507.288014
9.0,455,5545.830542
4.0,302,5575.722693
5.0,350,5612.225136
17.0,609,5679.637104
5.0,311,5711.182625
15.0,564,5769.304845
5.0,329,5801.05444
5.0,350,5832.986248
5.0,350,5870.828887
3.0,251,5898.176964
7.0,411,5941.756993
14.0,503,5992.877704
8.0,425,6036.955449
9.0,547,6100.346713
9.0,463,6150.626905
23.0,535,6206.819711
8.0,439,6252.781375
4.0,275,6279.995784
5.0,327,6313.213751
7.0,373,6349.280086
4.0,266,6375.875849
5.0,328,6413.511283
16.0,470,6462.438251
6.0,360,6498.982313
12.0,428,6545.854541
7.0,412,6587.89957
12.0,474,6631.445262
8.0,419,6670.864676
4.0,282,6695.88734
11.0,597,6750.869163
6.0,359,6782.498042
7.0,393,6822.576831
17.0,479,6878.127003
8.0,450,6928.126359
12.0,543,6985.69637
11.0,553,7048.062638
6.0,365,7090.485429
6.0,349,7126.800824
8.0,421,7175.639638
8.0,398,7222.442331
7.0,361,7263.968539
14.0,400,7310.320501
8.0,413,7349.409105
9.0,494,7394.909037
22.0,638,7453.047724
10.0,452,7493.262683
20.0,618,7553.951911
9.0,452,7598.879169
24.0,967,7702.41285
13.0,470,7750.968537
12.0,547,7810.969159
10.0,464,7861.646122
25.0,764,7944.590428
9.0,499,7995.574263
20.0,582,8049.587312
18.0,700,8112.505265
11.0,535,8159.878121
16.0,575,8212.835397
15.0,700,8286.693079
19.0,727,8366.964597
10.0,502,8422.950617
15.0,593,8483.359046
23.0,713,8551.527989
28.0,438,8595.052051
9.0,510,8654.766352
6.0,359,8694.552069
10.0,457,8741.156365
11.0,530,8790.656308
22.0,740,8859.753323
12.0,458,8903.043095
18.0,624,8967.629092
19.0,800,9062.203194
9.0,333,9098.79485
13.0,642,9173.310184
11.0,548,9238.312612
24.0,638,9301.736391
11.0,463,9348.62217
7.0,397,9391.780009
13.0,578,9455.981771
12.0,567,9524.726338
16.0,631,9596.312099
26.0,752,9679.203174
18.0,663,9750.054479
17.0,693,9822.302085
14.0,520,9875.741981
16.0,558,9932.481472
9.0,497,9985.063554
14.0,536,10040.113037
18.0,666,10113.843557
13.0,642,10179.242709
16.0,599,10238.692646
13.0,559,10292.81164
22.0,771,10373.645324
21.0,857,10473.944231
9.0,503,10527.73137
25.0,748,10609.069367
19.0,825,10713.235125
20.0,696,10789.372013
12.0,458,10831.619316
17.0,502,10879.991601
17.0,711,10954.369086
12.0,610,11029.541126
8.0,462,11080.568125
28.0,635,11155.590249
18.0,561,11214.144696
18.0,758,11291.895704
10.0,531,11344.82357
22.0,682,11416.818838
26.0,861,11511.080453
15.0,695,11589.160717
13.0,582,11658.306103
12.0,435,11707.122134
15.0,660,11780.86726
15.0,525,11837.896768
12.0,474,11886.819471
26.0,899,11969.484107
18.0,544,12018.232176
28.0,998,12110.149512
25.0,709,12181.301744
23.0,851,12259.166131
16.0,565,12309.602234
16.0,526,12356.269494
18.0,665,12417.644817
14.0,684,12479.663823
4.0,326,12508.701186
7.0,436,12548.961118
27.0,909,12626.092923
22.0,753,12689.827407
32.0,951,12771.406666
25.0,780,12840.406133
17.0,481,12883.016718
23.0,842,12957.082282
23.0,803,13024.888432
10.0,594,13074.969737
20.0,754,13139.137971
26.0,851,13211.323613
20.0,663,13271.199306
6.0,344,13299.426135
9.0,444,13336.535872
35.0,766,13401.623579
22.0,729,13463.822941
33.0,1074,13554.653898
23.0,708,13616.024736
19.0,672,13674.101461
32.0,910,13988.572781
22.0,640,14054.157335
16.0,730,14129.583259
11.0,580,14188.473518
21.0,643,14250.917739
23.0,696,14321.160493
29.0,547,14377.713091
8.0,297,14406.854529
17.0,599,14469.111985
17.0,475,14520.261679
17.0,584,14587.986328
23.0,777,14673.741406
13.0,542,14738.952049
22.0,651,14829.692547
9.0,436,14892.730721
19.0,729,14990.793373
28.0,936,15118.574
20.0,721,15202.907707
21.0,833,15295.777498
19.0,673,15375.867678
20.0,697,15461.836611
24.0,917,15561.932312
24.0,881,15643.098805
9.0,454,15684.299199
37.0,1106,15787.484079
21.0,626,15848.706001
29.0,924,15931.579518
28.0,934,16015.115654
25.0,795,16089.307146
19.0,439,16128.325791
22.0,653,16191.045855
25.0,917,16268.845281
24.0,871,16342.76093
21.0,695,16401.946018
19.0,645,16456.586712
19.0,666,16514.042792
43.0,722,16579.769133
32.0,501,16621.517214
12.0,553,16667.682763
10.0,450,16705.801923
27.0,737,16774.141279
28.0,874,16852.000668
43.0,817,16931.041384
12.0,503,16976.011615
33.0,1044,17070.34057
29.0,842,17146.434969
10.0,530,17195.776247
24.0,632,17260.260591
16.0,597,17324.296901
26.0,824,17408.027927
14.0,418,17445.906737
25.0,812,17525.482411
25.0,662,17591.785421
26.0,566,17649.501353
41.0,980,17753.653677
19.0,550,17810.452135
26.0,810,17893.862344
29.0,670,17960.271295
12.0,597,18020.403366
63.0,1161,18139.357213
27.0,700,18212.101531
28.0,855,18308.238616
10.0,417,18351.191247
14.0,594,18413.484082
34.0,775,18499.569297
35.0,874,18592.532351
26.0,667,18662.625734
27.0,872,18761.161357
30.0,680,18836.813662
15.0,529,18886.82465
22.0,789,18959.683004
8.0,433,19011.349794
17.0,673,19092.43024
17.0,554,19156.534086
22.0,659,19223.995433
26.0,719,19295.53548
38.0,1023,19402.686087
36.0,1063,19515.472029
22.0,658,19580.512311
22.0,867,19666.096811
24.0,817,19755.326197
21.0,795,19843.639597
16.0,406,19887.467543
17.0,586,19952.956125
10.0,445,20003.54092
25.0,761,20089.330621
24.0,973,20187.049268
16.0,563,20247.778978
28.0,877,20344.264699
26.0,740,20437.162746
36.0,807,20523.625186
27.0,907,20613.129801
26.0,877,20702.709973
26.0,808,20781.231117
35.0,656,20850.457414
22.0,840,20952.02739
31.0,494,21000.009106
23.0,582,21060.119913
31.0,878,21151.450218
33.0,894,21246.707934
20.0,603,21309.95913
249.0,861,21406.809178
341.0,906,21505.588837
22.0,560,21564.164147
42.0,1182,21700.348542
27.0,673,21784.004416
15.0,612,21852.829285
15.0,714,21924.756602
34.0,969,22016.955425
28.0,767,22088.315538
47.0,1098,22197.24012
26.0,852,22280.087814
37.0,924,22369.377255
28.0,804,22444.710093
51.0,922,22531.058619
19.0,781,22604.002825
30.0,1065,22703.68771
23.0,707,22770.400487
32.0,875,22853.467398
25.0,818,22931.188868
26.0,866,23022.673239
22.0,851,23105.936554
36.0,619,23165.928181
17.0,766,23241.5904
12.0,517,23292.289351
40.0,808,23369.992831
22.0,668,23434.293989
28.0,897,23519.962904
37.0,650,23583.405071
24.0,826,23661.821141
27.0,681,23734.478917
17.0,731,23805.34488
44.0,992,23903.036423
43.0,1196,24016.76365
28.0,934,24108.22376
32.0,741,24181.315301
27.0,757,24256.154952
43.0,814,24334.510078
51.0,1186,24452.850417
57.0,1169,24567.814642
41.0,1013,24663.625799
25.0,663,24724.104653
69.0,1204,24840.867537
33.0,802,24917.711555
50.0,1300,25045.177276
31.0,1052,25140.712539
42.0,947,25221.527236
24.0,672,25279.353104
32.0,808,25349.778753
54.0,925,25429.160272
32.0,1069,25520.490942
36.0,1070,25612.051482
48.0,1294,25723.429667
43.0,1270,25832.632099
17.0,623,25884.966114
26.0,860,25957.9453
41.0,834,26029.04956
46.0,1191,26132.747146
23.0,684,26190.229211
21.0,614,26241.897608
33.0,890,26317.578246
46.0,961,26402.682223
14.0,626,26461.306238
35.0,1090,26570.468868
23.0,683,26632.069571
25.0,931,26712.810309
23.0,893,26790.097028
33.0,814,26860.099918
27.0,1039,26950.927879
37.0,966,27033.528552
20.0,710,27094.693507
31.0,609,27147.548223
33.0,1008,27234.065653
54.0,1001,27321.104744
13.0,563,27369.457041
18.0,654,27425.783331
50.0,925,27504.740093
45.0,871,27578.555799
40.0,1053,27668.426307
14.0,528,27712.808878
40.0,737,27776.455411
46.0,1102,27873.697695
54.0,869,27948.543383
41.0,992,28034.020408
11.0,535,28079.576307
51.0,1350,28195.205056
44.0,1173,28302.602172
39.0,891,28382.199566
36.0,905,29221.232447
12.0,544,29287.546705
59.0,709,29362.576469
41.0,823,29447.541313
18.0,757,29519.296708
30.0,984,29630.749353
42.0,1216,29758.7649
38.0,932,29845.087062
13.0,536,29893.862117
48.0,1335,30038.453177
305.0,1636,30211.700595
48.0,1336,30339.520789
22.0,728,30407.838794
34.0,826,30489.021206
50.0,1242,30614.152446
22.0,661,30686.430554
30.0,932,30786.582949
58.0,772,30861.75982
30.0,876,30947.093611
33.0,925,31049.363743
3.0,234,31075.72629
40.0,988,31178.513555
62.0,1212,31301.964119
55.0,1228,31415.198802
45.0,917,31501.447583
66.0,1383,31640.337697
92.0,1364,31783.001293
39.0,1038,31879.397064
56.0,1309,32010.202536
40.0,1091,32114.234972
38.0,833,32197.081505
53.0,1028,32296.181238
20.0,626,32356.308797
29.0,750,32427.435043
31.0,951,32517.962176
63.0,1141,32640.99027
30.0,984,32742.249879
37.0,1044,32857.852087
52.0,1025,32971.068083
34.0,1025,33096.546284
40.0,904,33183.204632
31.0,764,33265.835866
48.0,1094,33388.321723
52.0,1226,33516.476928
26.0,783,33589.722469
54.0,965,33676.347836
34.0,1059,33771.136527
35.0,1079,33888.270182
37.0,1147,34009.277865
77.0,1304,34170.184364
49.0,1230,34304.314739
21.0,767,34386.06713
44.0,1255,34534.944759
24.0,796,34616.733196
38.0,909,34720.378337
50.0,1136,34843.695939
55.0,774,34944.373568
63.0,1345,35125.994649
21.0,858,35225.140793
37.0,1019,35334.505047
24.0,714,35408.749306
42.0,882,35488.82493
33.0,890,35569.845508
51.0,1233,35683.298505
37.0,1063,35785.691347
32.0,914,35879.180832
27.0,804,35975.715266
34.0,860,36058.49358
27.0,850,36145.235234
31.0,1012,36244.148069
42.0,1241,36367.217467
46.0,1104,36474.250291
39.0,1152,36587.070767
37.0,957,36686.50588
31.0,1057,36793.219651
41.0,977,36885.939528
19.0,526,36934.168893
44.0,839,37018.204745
34.0,881,37105.709711
38.0,1194,37225.961339
78.0,1204,37342.314179
53.0,982,37447.846817
33.0,623,37508.807053
54.0,1372,37642.052235
46.0,1162,37756.39772
39.0,1037,37856.584401
34.0,990,37966.357164
35.0,694,38041.962667
38.0,1021,38145.434393
52.0,1325,38282.864872
47.0,938,38377.630121
57.0,980,38483.493066
66.0,1159,38603.906075
28.0,867,38690.870247
48.0,1052,38788.211852
44.0,999,38879.310353
34.0,1103,39007.294891
32.0,911,39109.104695
36.0,1059,39252.05818
27.0,768,39350.672442
32.0,992,39463.640766
49.0,1283,39610.436826
40.0,957,39719.627018
46.0,1080,39845.400814
26.0,661,39914.827199
62.0,1365,40052.656494
91.0,1483,40201.134364
32.0,892,40288.959551
31.0,956,40381.353613
58.0,1379,40519.454028
19.0,694,40588.02374
29.0,872,40673.138617
45.0,1010,40773.039454
47.0,958,40865.35115
55.0,1095,40976.674467
39.0,1006,41083.547452
47.0,815,41166.372524
44.0,865,41263.583333
33.0,1033,41359.384443
33.0,822,41441.610335
52.0,911,41531.56498
41.0,694,41596.159971
27.0,829,41673.889435
178.0,1381,41811.166326
22.0,556,41863.221762
36.0,870,41944.762226
262.0,1350,42079.898709
56.0,1107,42190.787781
54.0,1077,42299.236349
50.0,1080,42407.923417
158.0,722,42475.372442
40.0,1175,42587.199543
64.0,1499,42745.083621
14.0,598,42798.746258
14.0,628,42854.500186
30.0,859,42930.148771
41.0,1197,43041.003772
31.0,472,43082.617928
18.0,683,43140.603706
61.0,1303,43251.536146
31.0,956,43328.184402
58.0,1147,43417.998523
47.0,847,43484.832232
39.0,946,43559.769295
51.0,1094,43646.441635
38.0,827,43710.558899
39.0,948,43783.614043
30.0,870,43853.20417
38.0,961,43928.441064
4.0,267,43948.501569
20.0,725,44006.175525
14.0,599,44053.438445
31.0,832,44120.040285
77.0,1601,44249.58706
21.0,853,44317.16634
77.0,1423,44431.094064
67.0,1053,44515.842506
20.0,577,44560.769765
43.0,934,44635.683843
50.0,889,44706.435306
45.0,1152,44798.821373
42.0,885,44867.004306
53.0,760,44929.404554
63.0,1500,45058.841609
59.0,1282,45173.812697
56.0,1253,45279.432181
47.0,1294,45386.269967
37.0,1051,45473.356072
24.0,955,45553.54349
41.0,1011,45634.549074
29.0,900,45705.927179
71.0,1626,45841.644419
37.0,1008,45934.7011
59.0,1205,46045.962353
33.0,636,46103.80621
41.0,1059,46201.031504
39.0,1054,46298.13587
44.0,1078,46395.434121
14.0,628,46451.94874
46.0,879,46535.180052
29.0,848,46611.132535
32.0,769,46679.727234
8.0,470,46721.924056
59.0,1472,46856.229104
70.0,1379,46979.973205
48.0,1346,47101.554543
52.0,1167,47207.538819
29.0,950,47294.458018
13.0,575,47346.008482
43.0,1096,47444.065301
53.0,1295,47560.683482
46.0,1184,47666.713732
19.0,702,47729.728626
92.0,1413,47856.12421
56.0,1433,47984.904422
43.0,1172,48088.645984
1.0,175,48103.502472
46.0,1064,48198.480053
30.0,919,48280.205228
29.0,907,48361.350735
29.0,869,48439.392022
38.0,900,48520.511544
85.0,1419,48650.678962
31.0,823,48723.834048
58.0,1368,48845.325438
39.0,846,48920.89814
33.0,881,48999.507099
50.0,1052,49094.090906
76.0,839,49168.324375
31.0,732,49233.855829
49.0,1013,49324.271024
57.0,1287,49440.211594
25.0,899,49521.022294
43.0,1120,49621.17391
58.0,1160,49725.591085
19.0,734,49791.300436
55.0,1095,49889.152371
45.0,1094,49987.012302
30.0,973,50073.784585
47.0,1061,50169.006027
48.0,1244,50280.611083
47.0,1063,50376.579095
69.0,1535,50515.304613
39.0,1207,50621.850566
45.0,1271,50736.925634
91.0,1304,50855.461716
48.0,1194,50962.080631
37.0,833,51036.248134
80.0,1364,51161.031639
52.0,851,51237.153025
67.0,1327,51356.459667
29.0,788,51426.398595
43.0,1052,51521.613041
31.0,832,51596.206304
47.0,1283,51712.255811
103.0,1420,51840.337426
57.0,1181,51946.705481
48.0,745,52015.737929
69.0,1314,52134.643801
28.0,525,52183.414857
50.0,1208,52291.65584
54.0,1141,52395.077585
59.0,923,52477.980085
56.0,1206,52585.940228
63.0,1149,52689.859689
62.0,1530,52827.595771
40.0,907,52908.248571
37.0,1086,53005.589788
102.0,1337,53126.017787
18.0,495,53169.29599
101.0,1702,53321.827597
35.0,1070,53417.958517
107.0,1648,53566.305521
74.0,1455,53697.838158
44.0,1021,53791.474509
37.0,806,53863.27737
38.0,1053,53960.476678
82.0,1369,54083.91995
19.0,687,54144.579196
35.0,987,54232.600763
55.0,1338,54352.726938
44.0,854,54429.665853
66.0,1460,54561.63624
47.0,1190,54668.425055
76.0,1294,54785.447006
60.0,1420,54913.410688
76.0,1562,55054.719726
55.0,1097,55154.432592
51.0,963,55239.989572
52.0,796,55310.996395
74.0,1391,55439.603709
69.0,1410,55565.401632
77.0,1372,55689.86332
75.0,1556,55832.75645
48.0,1156,55937.31954
47.0,1074,56034.333954
69.0,1497,56168.921841
75.0,1517,56304.743022
58.0,1259,56416.76184
36.0,1001,56506.039688
33.0,1083,56605.393761
38.0,1154,56709.120331
46.0,1157,56812.856894
69.0,1402,56938.932658
231.0,864,57016.351301
73.0,1453,57146.24188
63.0,1248,57258.757412
57.0,1160,57362.691863
72.0,1415,57497.31673
92.0,1185,57606.316276
329.0,1342,57727.586794
51.0,1174,57834.453565
49.0,1197,57942.521647
236.0,1251,58056.701751
46.0,875,58135.241751
102.0,1517,58272.32221
41.0,1049,58368.187283
74.0,1235,58479.664412
57.0,1279,58595.562007
40.0,1009,58686.482913
321.0,1631,58833.795511
60.0,1115,58934.419365
82.0,1501,59070.309506
13.0,575,59120.678646
72.0,1552,59259.245253
70.0,1623,59407.883091
56.0,1336,59527.759406
80.0,1296,59645.805771
59.0,1045,59739.859882
73.0,1055,59835.05434
58.0,1184,59941.882133
76.0,1503,60078.153054
44.0,1310,60197.279801
67.0,1209,60307.4117
28.0,918,60390.094326
39.0,834,60464.722567
37.0,874,60544.610795
369.0,1449,60676.765075
30.0,608,60730.904056
401.0,1397,60856.429136
61.0,1311,60974.991206
42.0,1165,61079.573284
55.0,1261,61193.651922
51.0,1254,61307.162885
46.0,903,61389.087947
43.0,1146,61492.662601
73.0,1155,61598.591418
57.0,1269,61714.154206
79.0,1160,61821.234852
45.0,890,61901.568825
41.0,965,61990.558837
66.0,1050,62084.433052
54.0,968,62173.549991
55.0,1027,62264.980605
219.0,1640,62414.204106
93.0,1254,62527.232347
21.0,889,62607.00664
230.0,1075,62706.388697
83.0,1359,62830.074832
70.0,1170,62936.364932
80.0,1127,63041.219854
67.0,1056,63134.719283
26.0,665,63194.667934
76.0,1493,63332.377034
60.0,1127,63433.269227
31.0,1037,63528.648579
11.0,483,63571.938776
42.0,872,63651.371263
83.0,1390,63777.061249
64.0,1269,63893.389598
50.0,1208,64002.944827
29.0,936,64087.811202
30.0,1061,64183.279503
65.0,1557,64325.747875
79.0,1524,64464.357458
48.0,1026,64557.054346
91.0,1488,64691.237465
57.0,1043,64785.045716
35.0,741,64854.221082
63.0,1551,64995.146338
31.0,869,65074.812693
239.0,1886,65249.232758
75.0,1168,65356.34139
67.0,1494,65492.346465
48.0,1306,65611.166386
99.0,1308,65728.803984
66.0,1462,65861.716832
260.0,1760,66023.587086
56.0,1216,66133.449141
85.0,1408,66260.662252
108.0,1260,66374.911793
56.0,1195,66481.85352
65.0,1198,66590.275398
52.0,1110,66693.881037
45.0,1122,66795.24296
59.0,1192,66904.791195
48.0,1368,67028.476329
11.0,522,67074.994675
22.0,710,67137.769709
95.0,1667,67290.105427
83.0,1432,67419.866079
253.0,1485,67556.189971
66.0,1125,67657.654836
42.0,1166,67762.384831
51.0,1153,67866.892952
51.0,1234,67978.181188
39.0,1111,68078.315816
51.0,1261,68193.697706
67.0,1257,68308.529914
272.0,1532,68447.228444
72.0,1289,68564.227409
67.0,1299,68683.628997
77.0,1563,68828.784829
69.0,1264,68943.237253
261.0,1257,69058.48722
53.0,1235,69171.219628
55.0,919,69256.193941
98.0,1466,69390.6589
83.0,1125,69493.146179
69.0,1493,69631.284032
61.0,1361,69755.796201
70.0,1138,69858.710236
69.0,1520,69992.205748
79.0,1270,70093.094943
39.0,596,70139.843157
200.0,1183,70233.800325
73.0,1484,70351.797717
43.0,1171,70443.827988
27.0,835,70508.481943
44.0,935,70581.866897
23.0,574,70626.325425
60.0,1053,70709.293886
31.0,761,70768.196142
69.0,1214,70864.044222
56.0,1050,70946.375051
47.0,1199,71040.516112
82.0,1165,71131.690873
50.0,634,71180.87569
253.0,1343,71289.106296
50.0,1124,71392.447593
91.0,1566,71536.903826
186.0,1233,71651.140373
54.0,835,71732.14896
102.0,1447,71869.091497
84.0,1523,72011.122119
265.0,1412,72144.487706
179.0,1088,72247.566483
59.0,801,72319.747127
90.0,1324,72427.872685
25.0,691,72481.535938
37.0,914,72561.380189
79.0,1389,72676.743092
62.0,1314,72780.275772
51.0,1002,72858.657862
54.0,1136,72950.3993
38.0,913,73028.694439
45.0,1033,73109.18632
43.0,1059,73191.654069
116.0,1577,73315.355222
86.0,1125,73403.454746
79.0,1399,73513.010974
121.0,1797,73654.085145
63.0,1103,73740.708514
35.0,915,73812.458403
188.0,1007,73890.723562
41.0,753,73949.335979
68.0,1411,74061.727584
129.0,1723,74197.680687
212.0,1363,74303.976786
62.0,1115,74391.590586
84.0,1250,74490.082156
37.0,970,74566.37944
54.0,1002,74645.564071
74.0,1166,74736.842771
276.0,1469,74851.234231
58.0,1089,74937.130015
378.0,1797,75079.038707
87.0,1341,75184.341375
78.0,1527,75310.940838
29.0,783,75383.07151
55.0,1274,75502.189261
50.0,991,75593.721816
136.0,1558,75739.026566
89.0,1460,75875.544346
39.0,1147,75982.737928
80.0,1455,76119.438604
73.0,1440,76254.27035
95.0,1652,76408.829796
65.0,1288,76530.418134
290.0,1953,76711.754232
100.0,1441,76843.065997
81.0,1416,76977.811794
52.0,1099,77081.025684
414.0,1635,77235.837982
57.0,1266,77355.849223
203.0,1753,77520.687775
69.0,1193,77632.057965
53.0,776,77692.711214
16.0,695,77747.695709
29.0,846,77818.919901
36.0,899,77890.802715
41.0,628,77940.386307
53.0,1334,78046.391571
92.0,1251,78145.14299
83.0,1289,78248.591718
62.0,1196,78343.013618
162.0,1257,78443.673944
98.0,1732,78581.303089
237.0,1372,78690.57548
76.0,1427,78803.431818
62.0,1203,78899.54575
32.0,1043,78981.039057
67.0,1019,79062.099614
42.0,1069,79147.874469
87.0,1409,79258.187264
54.0,1173,79351.944546
71.0,1361,79459.907686
301.0,1517,79582.91121
77.0,1434,79697.461578
70.0,1410,79808.751814
110.0,1078,79898.708272
35.0,956,79978.857352
56.0,947,80060.535552
64.0,952,80142.061841
54.0,1028,80229.422788
60.0,1193,80325.589688
67.0,1212,80421.328833
90.0,1506,80540.823895
48.0,838,80607.673593
223.0,1293,80710.93543
89.0,1264,80810.797211
134.0,1616,80941.085563
66.0,1252,81039.879958
72.0,1332,81145.896215
330.0,1738,81284.154999
269.0,1342,81390.692957
44.0,863,81459.139741
39.0,1070,81544.344922
28.0,765,81604.337548
49.0,1322,81710.729591
118.0,1473,81828.668017
97.0,1474,81945.437112
119.0,1664,82076.967751
110.0,1473,82194.366488
230.0,674,82247.174232
103.0,1489,82366.167579
82.0,1479,82484.197955
83.0,1173,82576.610005
92.0,1301,82680.488486
92.0,1534,82803.896779
231.0,1490,82923.541228
98.0,1641,83055.982347
158.0,1363,83166.337117
117.0,1636,83296.767386
18.0,632,83346.943638
241.0,1505,83468.20416
88.0,1417,83582.585624
55.0,1078,83667.906741
92.0,1651,83799.088578
62.0,906,83871.574047
116.0,1509,83992.806586
64.0,849,84059.794205
60.0,1252,84158.942398
182.0,1814,84303.977298
146.0,1508,84424.020519
78.0,1438,84541.433247
238.0,1505,84660.52701
215.0,1358,84769.110797
32.0,476,84807.493805
172.0,1564,84931.303867
105.0,1464,85046.77171
42.0,623,85094.897136
24.0,560,85138.775996
83.0,1465,85257.7958
148.0,1522,85382.090586
78.0,1402,85495.397665
78.0,1371,85604.904922
141.0,1617,85734.038934
93.0,1483,85852.334157
278.0,1581,85979.570764
50.0,1210,86075.887577
89.0,1287,86178.4748
125.0,1552,86303.211331
96.0,1096,86390.753173
133.0,1449,86506.247999
95.0,1519,86628.428995
36.0,1054,86713.335347
239.0,1625,86844.919956
42.0,1119,86934.763479
92.0,1201,87031.583005
38.0,963,87108.136144
135.0,1612,87239.982621
117.0,1433,87354.25113
242.0,1528,87477.31662
67.0,934,87552.019818
25.0,808,87616.810697
203.0,1658,87749.514169
146.0,1488,87870.20202
46.0,861,87938.086125
148.0,1535,88061.390475
266.0,1272,88164.049656
73.0,1396,88277.063904
23.0,575,88322.442906
138.0,1551,88447.296368
49.0,856,88515.536269
232.0,1455,88632.365357
66.0,1005,88715.432761
125.0,1439,88831.434297
69.0,1273,88933.98754
92.0,1289,89037.686125
78.0,1229,89135.632006
318.0,1777,89278.754003
45.0,1028,89361.027863
110.0,1383,89472.492998
67.0,1162,89566.072382
263.0,1425,89680.731688
90.0,1193,89776.07206
179.0,1859,89927.798129
72.0,1249,90028.117651
67.0,1154,90120.51871
323.0,1584,90248.678277
117.0,1589,90379.415373
66.0,966,90456.115425
214.0,1235,90555.856279
80.0,1243,90658.348555
126.0,1744,90799.203851
69.0,1115,90891.051226
32.0,856,90962.702173
97.0,1365,91078.143031
174.0,1199,91175.479261
100.0,1171,91270.77766
339.0,1655,91406.23205
104.0,1520,91529.252565
91.0,1299,91633.631759
105.0,1473,91753.609018
257.0,1392,91868.685085
250.0,1314,91975.074127
311.0,1168,92071.785717
99.0,1613,92204.009464
139.0,1638,92337.164172
108.0,1366,92448.578336
81.0,1291,92553.69411
