#{"t_start": 1529867681.2593617, "env_id": "BreakoutNoFrameskip-v4"}
r,l,t
0.0,129,3.538452
0.0,129,3.933999
0.0,127,4.3286
3.0,253,5.125519
0.0,127,5.51617
0.0,125,5.875647
0.0,129,6.266229
1.0,155,6.73501
0.0,125,7.110025
1.0,178,7.656948
2.0,206,8.281979
0.0,129,8.67264
1.0,176,9.203927
0.0,123,9.57894
3.0,232,10.282123
0.0,129,10.6729
1.0,173,11.20405
0.0,127,11.579085
3.0,272,12.422891
2.0,202,13.047923
1.0,155,13.516705
2.0,200,14.12613
0.0,129,14.516772
1.0,155,14.985553
1.0,157,15.454335
1.0,177,15.98565
6.0,395,17.204462
2.0,202,17.829503
1.0,176,18.360778
1.0,176,18.892063
1.0,155,19.360846
4.0,274,20.204652
0.0,129,20.595302
0.0,127,20.970446
2.0,201,21.579744
0.0,127,21.970395
2.0,202,22.595437
1.0,155,23.064218
2.0,220,23.736148
0.0,129,24.126791
5.0,284,25.001857
1.0,154,25.455013
3.0,234,26.236306
1.0,175,26.767591
0.0,127,27.158253
1.0,174,27.673911
0.0,125,28.048936
1.0,174,28.580213
1.0,173,29.111498
2.0,184,29.658419
1.0,171,30.174079
3.0,254,30.955372
2.0,185,31.517919
3.0,250,32.283595
0.0,127,32.674247
1.0,173,33.205533
4.0,246,33.955572
0.0,129,34.346223
1.0,175,34.877507
3.0,218,35.549438
1.0,173,36.080723
0.0,127,36.8464
2.0,224,38.393369
4.0,298,40.534146
0.0,129,41.424832
0.0,129,42.315517
3.0,272,44.284398
0.0,127,45.190704
0.0,125,46.050131
0.0,129,46.972067
0.0,129,47.878378
3.0,253,49.753504
2.0,202,51.222352
1.0,177,52.503688
5.0,329,54.956987
1.0,155,56.066436
0.0,127,56.988374
1.0,157,58.097813
2.0,202,59.576263
4.0,300,61.795163
1.0,175,63.060862
5.0,328,65.482946
1.0,153,66.576721
2.0,222,68.186204
0.0,127,69.092516
1.0,157,70.186338
0.0,127,71.0928
0.0,129,71.983343
0.0,129,72.889654
3.0,234,74.577266
0.0,127,75.467952
2.0,186,76.796157
2.0,206,78.265004
1.0,173,79.499471
0.0,125,80.358893
2.0,204,81.812126
0.0,125,82.67155
1.0,153,83.749747
0.0,127,84.624814
0.0,127,85.499862
0.0,127,86.390548
2.0,222,87.953161
1.0,173,89.171983
2.0,201,90.593964
3.0,252,92.406575
3.0,227,94.016068
0.0,127,94.87549
2.0,182,96.14121
0.0,129,97.031894
0.0,125,97.875692
2.0,204,99.297671
0.0,125,100.157094
3.0,274,102.094723
3.0,271,104.016736
2.0,182,105.282446
5.0,328,107.626345
0.0,129,108.485775
0.0,125,109.329583
2.0,201,110.735927
0.0,127,111.579743
1.0,157,112.65793
0.0,125,114.00177
1.0,155,115.064341
0.0,129,115.955025
2.0,204,117.392621
1.0,155,118.460112
1.0,155,119.543234
0.0,125,120.371415
3.0,252,122.152775
2.0,227,123.762258
0.0,125,124.606063
1.0,157,125.684277
0.0,129,126.559318
0.0,125,127.403135
2.0,202,128.825094
0.0,129,129.700343
2.0,188,130.997125
1.0,157,132.075314
0.0,129,132.950372
1.0,153,134.013104
2.0,187,135.325532
0.0,125,136.169338
0.0,127,137.02878
2.0,222,138.575746
0.0,129,139.450808
2.0,221,140.997785
4.0,301,143.138555
9.0,329,145.498096
2.0,224,147.076326
1.0,174,148.263906
0.0,129,149.154581
3.0,229,150.764072
4.0,273,152.686077
1.0,152,153.70177
0.0,129,154.576818
0.0,129,155.451886
0.0,127,156.295694
0.0,129,157.170743
0.0,127,158.030173
1.0,155,159.092745
0.0,127,159.952178
0.0,129,160.811611
0.0,125,161.655417
2.0,204,163.061761
1.0,157,164.139968
1.0,155,165.186913
1.0,155,166.26511
4.0,302,168.390243
1.0,155,169.452824
2.0,203,170.859167
0.0,125,171.687339
2.0,219,173.218691
5.0,326,175.515719
0.0,129,176.390788
4.0,301,178.51083
5.0,367,181.166215
1.0,151,182.256743
0.0,123,183.075687
1.0,155,184.138268
3.0,250,185.872759
0.0,129,186.716565
1.0,155,187.779261
0.0,125,188.607306
4.0,255,190.388676
0.0,127,191.232482
1.0,153,192.263811
1.0,171,193.420137
2.0,201,194.795221
1.0,176,195.982799
1.0,155,197.029754
0.0,129,197.889187
1.0,175,199.076756
3.0,272,200.967518
0.0,127,201.811324
1.0,157,202.873895
0.0,127,203.717692
1.0,171,204.874019
1.0,155,205.920964
2.0,192,207.233552
5.0,352,209.702468
3.0,255,211.468221
2.0,203,212.858937
2.0,218,214.359039
0.0,127,215.202845
1.0,178,216.40605
0.0,127,217.265473
1.0,176,218.453063
0.0,129,219.312497
0.0,127,220.156301
2.0,205,221.562635
0.0,129,222.422069
1.0,157,223.469013
1.0,173,224.640967
1.0,175,225.828556
0.0,129,226.703606
3.0,274,228.609982
2.0,188,229.891329
2.0,185,231.141402
2.0,187,232.422739
1.0,153,233.454058
0.0,127,234.31349
0.0,129,235.173056
1.0,152,236.235503
1.0,155,237.282437
1.0,159,238.360635
3.0,232,240.021583
4.0,263,241.85092
1.0,173,243.038489
1.0,157,244.10107
0.0,129,244.944876
0.0,127,245.804298
0.0,129,246.648115
2.0,201,248.023208
1.0,175,249.210776
2.0,224,250.757756
4.0,300,252.851644
1.0,153,253.882964
2.0,224,255.445579
1.0,174,256.617522
0.0,129,257.461339
1.0,173,258.648908
2.0,205,260.070887
3.0,228,261.633482
0.0,127,262.477288
0.0,127,263.321095
0.0,127,264.164912
2.0,223,265.696254
3.0,231,267.290303
2.0,224,268.8371
2.0,200,270.212183
0.0,127,271.055987
4.0,263,272.86861
5.0,346,275.290647
10.0,411,278.181474
3.0,254,279.931593
2.0,206,281.338047
4.0,280,283.291182
1.0,155,284.338127
6.0,322,286.603902
4.0,299,288.682177
0.0,127,289.54161
2.0,224,291.072951
3.0,235,292.698071
1.0,173,293.870024
3.0,247,295.573252
2.0,203,296.963972
2.0,223,298.495324
2.0,202,299.886041
0.0,127,300.714221
4.0,298,302.802529
3.0,239,304.458891
3.0,254,306.209019
7.0,361,308.756065
2.0,187,310.037397
8.0,473,313.381371
3.0,214,314.850219
1.0,176,316.053416
5.0,326,318.33483
2.0,224,319.866182
7.0,401,322.694521
13.0,477,326.054085
5.0,352,328.507384
4.0,287,330.507518
6.0,419,333.46083
2.0,206,334.867173
2.0,201,336.22665
4.0,254,338.429912
5.0,291,340.461308
7.0,423,343.430258
5.0,319,345.649155
3.0,253,347.399262
10.0,376,350.02445
3.0,252,351.774567
11.0,487,355.19667
3.0,232,356.821768
8.0,461,360.05636
5.0,315,362.254286
6.0,341,364.644826
6.0,327,366.941854
4.0,263,368.754476
5.0,331,371.067174
6.0,418,374.004827
2.0,183,375.25491
6.0,377,377.895702
4.0,302,379.989602
5.0,350,382.427255
5.0,311,384.599275
7.0,406,387.443248
12.0,493,390.927822
5.0,316,393.131097
7.0,404,395.959411
9.0,489,399.412776
7.0,366,401.975448
8.0,495,405.460046
3.0,228,407.038276
5.0,292,409.054035
8.0,425,412.491767
4.0,301,414.616918
9.0,470,417.960892
5.0,346,420.398556
9.0,444,423.518938
16.0,563,427.503578
7.0,450,430.675657
5.0,333,433.019663
9.0,525,436.738562
3.0,254,438.48877
3.0,238,440.129424
12.0,554,444.051551
2.0,219,445.536036
7.0,415,448.458096
11.0,547,452.348991
13.0,559,456.333857
9.0,510,459.958875
9.0,404,462.802815
2.0,187,464.099768
6.0,377,466.756205
1.0,157,467.818766
5.0,314,470.022038
4.0,243,471.709661
10.0,543,475.58491
12.0,509,479.178914
6.0,358,481.694705
6.0,364,484.794851
4.0,264,486.648277
8.0,392,489.414077
8.0,300,491.507966
5.0,334,493.836248
4.0,264,495.68013
8.0,461,498.930338
4.0,323,501.21174
8.0,429,504.258819
5.0,351,506.712109
5.0,334,509.071642
8.0,419,512.024965
15.0,667,516.790917
12.0,316,519.009817
7.0,407,521.885008
6.0,328,524.197653
9.0,328,526.494684
6.0,341,528.901093
9.0,351,531.370019
4.0,279,533.323273
10.0,502,536.917265
17.0,590,541.105048
11.0,482,544.527138
6.0,317,546.753019
8.0,440,549.862602
9.0,448,553.019176
11.0,538,556.816203
7.0,368,559.863272
5.0,296,561.925918
9.0,329,564.222948
15.0,481,567.629416
9.0,480,570.989015
9.0,489,574.457997
9.0,507,578.036361
10.0,512,581.661616
10.0,429,584.661805
8.0,415,587.583874
10.0,482,590.98417
7.0,412,593.875117
13.0,481,597.281467
18.0,538,601.078607
21.0,659,605.749782
15.0,433,608.796861
5.0,286,610.797006
8.0,441,613.890953
17.0,504,617.453691
4.0,286,619.438198
3.0,275,621.328949
17.0,692,626.251152
8.0,411,629.141982
6.0,402,632.454693
7.0,408,635.345512
8.0,439,638.472224
10.0,488,641.921391
11.0,514,645.577875
12.0,525,649.3125
10.0,463,652.641455
9.0,360,655.219754
15.0,420,658.280354
4.0,266,660.165781
9.0,346,662.602999
7.0,378,665.273248
24.0,806,671.046044
23.0,568,675.117525
14.0,609,679.467427
9.0,472,682.834592
10.0,453,686.063971
9.0,460,689.505845
9.0,451,692.78244
7.0,374,695.477577
10.0,517,699.181779
17.0,522,702.900776
13.0,611,707.754466
21.0,657,712.426653
13.0,643,717.029758
12.0,304,719.154909
19.0,729,724.358383
14.0,662,729.07744
22.0,693,734.015277
13.0,627,738.484329
17.0,527,742.218952
12.0,473,745.594168
12.0,592,749.797574
28.0,739,755.094956
17.0,734,760.32747
20.0,478,763.718333
12.0,547,767.593592
18.0,655,772.250154
16.0,703,777.28173
22.0,654,782.422711
15.0,655,787.095027
26.0,759,792.498464
24.0,867,798.702012
25.0,752,804.061747
27.0,909,810.53093
24.0,667,815.281238
46.0,1147,823.482849
16.0,716,828.576949
10.0,478,831.952174
21.0,753,837.327536
13.0,606,841.624688
26.0,836,847.593847
13.0,571,852.153591
19.0,704,857.169552
17.0,572,861.232333
13.0,465,864.52943
22.0,777,870.045414
17.0,651,874.701974
35.0,924,881.292108
13.0,695,886.229939
2.0,186,887.495659
20.0,767,892.980401
34.0,933,899.637088
14.0,603,903.934259
10.0,535,907.715761
11.0,410,910.650389
20.0,598,914.916289
16.0,606,919.229077
24.0,800,924.932584
23.0,726,930.104806
14.0,594,934.323878
18.0,674,939.14823
33.0,1103,947.086251
30.0,713,952.1491
7.0,354,954.649266
25.0,705,959.665228
31.0,797,965.368838
15.0,643,969.927608
29.0,1018,977.19372
30.0,855,983.303505
12.0,601,987.585177
10.0,514,991.225907
18.0,595,995.444929
29.0,914,1001.972597
18.0,498,1005.488631
24.0,700,1010.473174
21.0,679,1015.285987
16.0,466,1018.583085
21.0,910,1025.083527
39.0,1090,1032.875126
28.0,664,1037.609827
11.0,538,1041.422582
13.0,628,1045.891631
17.0,642,1050.454427
22.0,463,1053.72027
13.0,614,1058.079946
23.0,717,1063.183211
19.0,710,1068.230433
24.0,479,1071.621284
20.0,674,1076.41847
30.0,922,1083.028287
30.0,703,1088.044248
18.0,638,1092.646005
16.0,629,1097.099418
9.0,474,1100.443402
10.0,506,1104.021756
25.0,804,1109.772151
18.0,617,1114.163069
24.0,578,1118.257226
28.0,906,1124.733556
27.0,1016,1131.983844
20.0,469,1135.312191
19.0,546,1139.171826
12.0,451,1142.390801
13.0,445,1145.547251
18.0,637,1150.094441
13.0,459,1153.318002
18.0,666,1158.06833
30.0,792,1163.724957
18.0,661,1168.428398
23.0,556,1172.381786
39.0,528,1176.116401
16.0,735,1181.335501
24.0,496,1184.855555
31.0,923,1191.449736
21.0,711,1196.512573
15.0,665,1201.262892
19.0,762,1206.700766
22.0,730,1211.904228
16.0,573,1215.985281
29.0,531,1219.735532
20.0,581,1223.876444
27.0,625,1228.329857
12.0,626,1232.78328
18.0,521,1236.486653
29.0,847,1242.582692
24.0,853,1248.661221
17.0,642,1253.224036
28.0,965,1260.130836
30.0,942,1266.849948
19.0,709,1271.897151
15.0,592,1276.100175
7.0,375,1278.740976
19.0,731,1283.928814
20.0,558,1287.89783
29.0,951,1294.710786
28.0,871,1300.945578
36.0,1113,1308.91341
13.0,595,1313.132453
28.0,908,1319.617262
19.0,714,1324.695716
23.0,806,1330.461728
21.0,562,1334.44457
9.0,482,1337.835432
39.0,1230,1346.648512
27.0,990,1353.742736
11.0,517,1357.414859
22.0,525,1361.11824
33.0,1203,1369.771178
17.0,636,1374.27148
24.0,888,1380.615654
9.0,458,1383.850254
21.0,587,1388.022399
14.0,571,1392.069544
21.0,870,1398.346204
22.0,767,1403.81532
28.0,878,1410.081363
23.0,818,1415.909888
30.0,868,1422.11343
14.0,492,1425.582402
30.0,904,1432.061224
18.0,762,1438.045999
35.0,1038,1445.483988
23.0,690,1450.406201
15.0,573,1454.469065
31.0,819,1460.320683
8.0,279,1462.258314
23.0,819,1468.102454
29.0,754,1473.477813
14.0,621,1477.884359
40.0,929,1484.541054
30.0,1010,1491.768029
19.0,735,1497.002743
29.0,981,1504.034465
15.0,690,1509.472328
19.0,654,1514.128891
41.0,919,1520.744422
26.0,937,1527.463622
47.0,1218,1536.21429
34.0,1003,1543.402187
43.0,1215,1552.125234
40.0,733,1557.375594
35.0,962,1564.251045
15.0,647,1568.876353
39.0,991,1576.001832
29.0,805,1582.256567
19.0,774,1587.803803
36.0,921,1594.413631
13.0,622,1598.867053
22.0,709,1603.929892
33.0,1003,1611.136031
47.0,1253,1620.15226
17.0,622,1624.590066
35.0,862,1630.809232
21.0,571,1634.88762
22.0,787,1640.528632
32.0,972,1647.498489
23.0,730,1652.717578
29.0,906,1659.749297
27.0,750,1665.171545
25.0,553,1669.156178
26.0,780,1674.749256
39.0,1028,1682.140376
17.0,683,1687.031328
43.0,1130,1695.156872
22.0,745,1700.563483
20.0,469,1703.889877
10.0,521,1707.59324
10.0,472,1710.968465
19.0,507,1714.54684
25.0,606,1718.875254
39.0,986,1725.953843
50.0,1246,1734.935774
17.0,453,1738.154738
49.0,1228,1746.983454
19.0,848,1753.077612
43.0,1129,1761.187529
20.0,752,1766.574452
33.0,595,1770.824745
25.0,780,1776.418862
29.0,744,1781.778593
36.0,1034,1789.200974
27.0,548,1793.107477
25.0,832,1799.054968
26.0,930,1805.742926
29.0,648,1810.368235
16.0,732,1815.60296
23.0,576,1819.712612
27.0,779,1825.291109
33.0,911,1831.801152
26.0,806,1837.567173
42.0,1109,1845.552083
16.0,710,1850.630548
28.0,818,1856.490303
25.0,809,1862.29591
42.0,1003,1869.468263
11.0,518,1873.171646
32.0,773,1878.703256
42.0,1097,1886.578782
30.0,699,1891.584736
21.0,845,1897.61638
11.0,392,1900.382191
20.0,702,1905.382536
23.0,807,1911.148536
62.0,1275,1920.289772
23.0,785,1925.889645
27.0,849,1931.968168
33.0,944,1938.718619
17.0,715,1943.812721
27.0,815,1949.625609
36.0,878,1955.895224
25.0,865,1962.067512
45.0,1005,1969.239876
43.0,1075,1976.959133
59.0,968,1983.865855
31.0,709,1988.915707
52.0,809,1994.681719
21.0,600,1998.94764
24.0,733,2004.229232
12.0,520,2007.901362
16.0,601,2012.198515
32.0,704,2017.216074
40.0,989,2024.279036
24.0,810,2030.045058
42.0,571,2034.123445
12.0,450,2037.326795
22.0,767,2042.874031
10.0,357,2045.421077
23.0,561,2049.420928
39.0,1175,2057.87463
33.0,888,2064.218805
24.0,619,2068.625339
49.0,1135,2076.782135
41.0,1131,2084.921857
67.0,1492,2095.641325
58.0,1410,2105.782628
34.0,950,2112.593576
37.0,1045,2120.109693
31.0,918,2126.688268
28.0,755,2132.063628
36.0,635,2136.610862
38.0,1072,2144.294066
46.0,1097,2152.169593
28.0,909,2158.70129
27.0,959,2166.108034
54.0,1129,2174.226799
49.0,806,2180.008425
38.0,969,2187.008893
35.0,998,2194.228137
11.0,480,2197.665857
43.0,1072,2205.375199
52.0,1266,2214.485183
27.0,814,2220.313698
33.0,754,2225.689069
64.0,1463,2236.241238
51.0,1115,2244.804321
21.0,648,2249.445247
45.0,1209,2258.180215
14.0,603,2262.524256
28.0,901,2269.010834
35.0,939,2275.745657
51.0,1148,2284.011846
32.0,921,2290.637288
33.0,810,2296.434551
26.0,811,2302.262617
31.0,945,2309.122452
35.0,980,2316.154173
30.0,873,2322.42021
21.0,884,2328.748754
32.0,817,2334.590106
27.0,797,2340.293622
5.0,280,2342.246877
53.0,1096,2350.122395
37.0,783,2355.716531
39.0,998,2362.86819
25.0,673,2367.681022
54.0,1169,2376.072208
45.0,995,2383.197684
45.0,951,2390.010632
37.0,1068,2397.676828
64.0,1410,2407.833759
41.0,1171,2416.256196
44.0,1292,2425.529019
34.0,961,2432.420105
73.0,1318,2441.905125
65.0,1177,2450.358815
56.0,954,2457.770125
22.0,810,2463.567389
19.0,775,2469.114626
52.0,1205,2477.771454
26.0,767,2483.271831
35.0,1013,2490.555666
17.0,713,2495.665394
34.0,829,2501.587673
46.0,1021,2508.91627
70.0,1191,2517.494969
15.0,655,2522.197999
19.0,670,2526.995195
41.0,845,2533.636253
39.0,979,2540.683599
47.0,1246,2549.668576
34.0,732,2554.900254
41.0,1041,2562.385128
31.0,937,2569.104338
28.0,975,2576.120432
70.0,1361,2585.992041
57.0,1091,2593.85184
39.0,1096,2601.71174
53.0,1321,2611.274873
43.0,857,2617.471163
38.0,970,2624.424754
38.0,944,2631.175195
52.0,1180,2639.691391
20.0,572,2643.754162
16.0,636,2648.291292
31.0,791,2653.947919
45.0,989,2661.05776
29.0,773,2666.605016
41.0,1169,2674.996202
34.0,1151,2683.281525
31.0,881,2689.610072
22.0,644,2694.219757
36.0,562,2698.220024
7.0,360,2700.751444
25.0,761,2706.189308
39.0,968,2713.176722
36.0,1031,2720.567841
43.0,1035,2728.021475
60.0,1229,2736.865816
23.0,633,2741.39737
31.0,966,2748.31835
29.0,749,2753.678091
32.0,939,2760.428544
34.0,921,2767.022735
36.0,978,2774.038829
44.0,1148,2782.302058
41.0,1046,2789.833812
56.0,1056,2797.396818
61.0,1449,2807.845581
22.0,523,2811.56457
72.0,1184,2820.080957
42.0,1016,2827.378138
37.0,1090,2835.206777
48.0,1233,2844.075958
68.0,1114,2852.076493
29.0,957,2858.983196
44.0,1110,2867.030618
52.0,1199,2875.67879
46.0,1184,2884.194983
61.0,1429,2894.461295
14.0,668,2899.867908
30.0,695,2904.840538
63.0,1376,2914.794327
51.0,884,2921.169753
34.0,1005,2928.388988
104.0,1725,2940.813275
37.0,1030,2948.266899
46.0,631,2952.7672
145.0,1253,2961.799054
35.0,790,2967.439913
47.0,920,2974.612111
48.0,1085,2982.409506
29.0,1033,2989.816252
34.0,967,2996.754215
51.0,1135,3004.892398
45.0,944,3011.674103
57.0,855,3017.783895
56.0,1124,3025.831299
43.0,922,3032.436712
85.0,1585,3043.843725
231.0,1154,3052.109903
78.0,1641,3063.916178
40.0,917,3070.494743
38.0,1020,3077.792095
36.0,650,3082.417416
45.0,927,3089.058474
34.0,1019,3096.378049
39.0,906,3102.878497
56.0,1318,3112.347869
34.0,1167,3120.723438
45.0,1021,3128.055633
64.0,1283,3137.274997
41.0,1109,3145.228666
45.0,1031,3152.619775
58.0,1217,3161.3724
44.0,1177,3169.810454
25.0,567,3173.85761
14.0,604,3178.139136
71.0,1634,3190.483722
22.0,733,3195.71801
45.0,879,3202.015297
59.0,1266,3211.109665
44.0,1276,3220.360284
69.0,1166,3228.731834
41.0,777,3234.279079
44.0,933,3240.951402
60.0,1429,3251.233341
48.0,1089,3259.041456
308.0,1535,3270.057957
33.0,854,3276.151976
45.0,1192,3284.683797
23.0,759,3290.113606
45.0,1145,3298.317388
33.0,896,3304.723958
62.0,1134,3312.865129
51.0,1026,3320.225005
51.0,1069,3327.871841
50.0,1284,3337.669234
23.0,741,3342.966464
58.0,1377,3352.888992
30.0,1008,3360.111919
52.0,1133,3368.25309
54.0,1213,3376.972422
51.0,1041,3384.441681
27.0,792,3390.114971
50.0,733,3395.365322
53.0,1211,3404.053404
52.0,1083,3411.803912
41.0,842,3417.81995
37.0,1028,3425.208616
49.0,1136,3433.427915
15.0,642,3438.006336
48.0,1106,3445.960004
41.0,1199,3454.578534
29.0,618,3459.000694
44.0,906,3465.485503
17.0,594,3469.720279
81.0,1357,3479.470814
42.0,1193,3488.040622
46.0,1308,3497.431875
265.0,999,3504.619856
60.0,1094,3512.479758
36.0,775,3518.013925
27.0,866,3524.279968
21.0,720,3529.405322
58.0,1157,3537.733994
74.0,1382,3547.672168
78.0,1652,3559.578817
41.0,1152,3567.845007
75.0,1219,3576.59558
61.0,987,3583.717041
31.0,939,3590.43625
25.0,926,3597.077319
38.0,995,3604.218412
50.0,1066,3611.890809
20.0,749,3617.259664
21.0,745,3622.572518
67.0,1238,3631.495
39.0,1012,3638.729849
52.0,989,3645.824073
27.0,800,3651.533184
95.0,1616,3663.182284
35.0,960,3670.073369
113.0,1624,3681.802496
38.0,1042,3689.287371
54.0,1011,3696.537847
67.0,1252,3705.554085
47.0,1162,3713.914009
16.0,628,3718.367155
42.0,1039,3725.836404
45.0,1153,3734.118207
41.0,1118,3742.149996
43.0,716,3747.271867
75.0,1629,3759.007025
47.0,1066,3766.648161
42.0,1136,3774.820584
40.0,1085,3782.625663
38.0,894,3789.016649
46.0,605,3793.329428
44.0,1180,3801.81437
86.0,1777,3814.601195
44.0,1034,3822.039057
43.0,1068,3829.758313
53.0,1331,3839.337089
75.0,1165,3847.745529
55.0,1107,3855.714812
244.0,854,3861.808969
59.0,1279,3871.043963
73.0,1439,3881.40275
27.0,660,3886.10619
46.0,873,3892.372245
16.0,573,3896.466258
62.0,1101,3904.357411
62.0,1360,3914.150291
47.0,1140,3922.33834
255.0,1175,3930.776404
38.0,722,3935.948624
42.0,1094,3943.792909
23.0,846,3949.847744
93.0,1592,3961.301636
50.0,1178,3969.770952
39.0,945,3976.552656
51.0,1174,3984.979658
45.0,1052,3993.152069
46.0,1193,4001.715141
84.0,1313,4011.138179
64.0,1171,4019.560627
306.0,1519,4030.561363
41.0,956,4037.405561
82.0,1508,4048.247705
63.0,1110,4056.216987
50.0,1116,4064.842563
66.0,1209,4073.577523
45.0,1286,4082.838719
15.0,669,4087.620289
62.0,1275,4096.792787
35.0,788,4102.43378
29.0,764,4107.934148
31.0,875,4114.19112
88.0,1427,4124.457441
45.0,745,4129.801548
53.0,896,4136.286348
50.0,984,4143.321815
39.0,992,4150.462917
260.0,1135,4158.604086
69.0,1177,4167.089029
59.0,1275,4176.276747
63.0,1104,4184.199151
102.0,1526,4195.184262
210.0,1553,4206.37251
44.0,1017,4213.683063
56.0,1181,4222.199258
36.0,644,4226.777689
32.0,776,4232.340571
20.0,638,4236.88774
76.0,1068,4244.554316
48.0,1111,4252.523599
47.0,1056,4260.133493
51.0,1122,4268.212149
59.0,1470,4278.827986
45.0,978,4285.859706
52.0,1246,4294.813431
245.0,1759,4307.517406
26.0,858,4313.677158
71.0,1392,4323.693444
39.0,1115,4331.740867
62.0,1393,4341.819666
23.0,723,4346.991432
35.0,840,4352.991843
40.0,1040,4360.461093
44.0,1167,4368.836645
41.0,885,4375.180827
95.0,1627,4386.896338
28.0,740,4392.224811
59.0,1159,4400.537877
85.0,1696,4412.734761
58.0,1274,4421.891624
82.0,1393,4431.907908
45.0,1039,4439.439672
100.0,1289,4448.727863
74.0,1525,4459.744235
91.0,1276,4468.916724
43.0,961,4475.8078
23.0,694,4480.778636
64.0,1126,4488.888553
107.0,1508,4499.748653
101.0,1510,4510.63955
95.0,1335,4520.624594
90.0,1243,4529.922099
34.0,1135,4538.344527
91.0,1404,4548.824621
56.0,1406,4559.247193
70.0,1334,4569.075965
32.0,902,4576.357702
58.0,1368,4586.492019
44.0,1047,4594.211286
63.0,1363,4604.258832
70.0,1353,4614.26411
99.0,1107,4622.436531
46.0,954,4629.437009
39.0,1140,4637.812569
58.0,818,4643.814718
202.0,1652,4656.049911
62.0,903,4662.722233
210.0,1363,4672.801043
48.0,1016,4680.331673
115.0,1409,4690.722994
37.0,1063,4698.567268
77.0,1362,4708.614815
39.0,994,4715.938735
106.0,1693,4728.470812
64.0,1136,4736.862009
39.0,935,4743.815589
36.0,868,4750.245496
81.0,1206,4759.152351
40.0,697,4764.308947
107.0,1442,4774.997151
42.0,1038,4782.659945
65.0,1407,4793.051265
274.0,1484,4803.989497
61.0,1288,4813.615012
68.0,1276,4823.006017
47.0,1056,4830.787796
65.0,1191,4839.554007
56.0,1032,4847.144893
98.0,1263,4856.458024
70.0,1413,4866.911972
359.0,1358,4877.646942
67.0,923,4884.467484
70.0,1216,4893.436844
52.0,1048,4901.187363
46.0,677,4906.140819
45.0,809,4912.063089
82.0,1284,4921.599534
36.0,942,4928.553126
70.0,1197,4937.350589
102.0,1320,4947.054364
53.0,857,4954.023174
83.0,1248,4963.242539
83.0,1555,4974.774571
92.0,1390,4984.786605
60.0,1224,4993.584068
56.0,1332,5003.240955
97.0,1451,5014.054178
69.0,995,5021.498893
293.0,1514,5032.73402
63.0,1380,5043.015959
61.0,1060,5050.831597
38.0,1080,5058.628992
60.0,1218,5067.41083
52.0,1286,5076.645823
184.0,1546,5087.754691
59.0,1298,5097.083265
20.0,778,5103.286813
102.0,1556,5114.490678
58.0,1153,5122.798441
88.0,1496,5133.564797
52.0,1093,5141.440313
47.0,1168,5149.884164
73.0,1437,5160.212577
55.0,1326,5169.760081
73.0,1099,5177.682486
21.0,783,5183.27661
35.0,990,5190.388271
79.0,1321,5199.888898
50.0,1049,5207.405035
51.0,1204,5216.093116
69.0,1385,5226.074723
46.0,1095,5233.9815
90.0,1303,5243.357128
86.0,1494,5254.131411
228.0,1529,5265.147764
83.0,1548,5276.289146
233.0,1182,5284.805329
56.0,1143,5293.043813
27.0,725,5298.216044
224.0,1059,5305.841556
70.0,1351,5315.560954
103.0,1494,5326.311542
88.0,1463,5336.874748
362.0,1270,5346.094116
68.0,1270,5355.28222
131.0,1495,5366.044506
105.0,1642,5377.873432
67.0,1385,5387.858475
68.0,1321,5398.037637
50.0,1177,5406.475693
54.0,1229,5415.335659
250.0,1196,5423.979461
130.0,1466,5434.605171
82.0,1619,5446.309071
31.0,837,5452.387611
127.0,1631,5464.246488
84.0,1413,5474.684677
240.0,1653,5486.826123
32.0,688,5491.732703
48.0,915,5498.305364
77.0,1240,5507.259078
42.0,853,5513.400114
95.0,1406,5523.557043
165.0,1264,5532.64131
89.0,1350,5542.360711
77.0,1187,5550.892522
49.0,955,5557.767993
65.0,1015,5565.034702
45.0,1097,5572.925845
91.0,1412,5583.082776
113.0,1432,5593.427226
74.0,1024,5600.785402
181.0,1330,5610.364168
137.0,1434,5620.70861
204.0,1574,5632.046768
35.0,853,5638.172178
25.0,759,5643.610041
106.0,1371,5653.579459
386.0,1552,5664.771817
109.0,1537,5675.835066
49.0,962,5682.726153
128.0,1599,5694.226922
63.0,1229,5703.055192
50.0,1127,5711.149494
60.0,1269,5720.275115
114.0,1547,5731.385223
187.0,1186,5739.913494
25.0,725,5745.085855
44.0,778,5750.664378
40.0,957,5758.164724
37.0,787,5763.805718
88.0,1309,5773.219371
62.0,963,5780.141857
64.0,884,5786.548387
74.0,1607,5798.205417
70.0,1304,5807.614847
84.0,1096,5815.490374
33.0,738,5820.771977
78.0,1409,5830.913291
22.0,712,5836.022997
106.0,1427,5846.273077
101.0,1417,5856.476876
90.0,1239,5865.368106
128.0,1021,5872.675432
90.0,1549,5883.832428
34.0,1009,5891.082922
79.0,1482,5901.755512
36.0,1056,5909.370949
82.0,1464,5920.121835
71.0,1376,5930.294222
36.0,1080,5938.09162
87.0,1318,5947.594138
0.0,129,5948.45358
0.0,129,5949.313135
0.0,129,5950.172435
78.0,1253,5959.219924
101.0,1567,5970.486294
100.0,1722,5982.905594
70.0,1266,5992.078122
83.0,1279,6001.281824
111.0,1414,6011.509855
97.0,1486,6022.233909
92.0,1313,6031.765923
24.0,665,6036.516113
46.0,1059,6044.125771
83.0,1662,6056.126564
58.0,1318,6065.627208
81.0,1417,6075.862259
334.0,1735,6088.378465
95.0,1486,6099.082316
63.0,1039,6106.676565
66.0,1285,6115.923117
34.0,744,6121.267234
72.0,1061,6128.908371
77.0,1407,6139.080925
104.0,1328,6148.650623
82.0,1455,6159.151336
70.0,1254,6168.167554
42.0,1190,6176.699466
83.0,1409,6186.828609
106.0,1347,6196.548001
114.0,1251,6205.548612
43.0,1075,6213.26787
86.0,1385,6223.220269
37.0,766,6228.689385
336.0,1319,6238.190011
71.0,1266,6247.331248
107.0,1190,6255.919492
257.0,1780,6268.795362
90.0,1333,6278.389744
139.0,1731,6290.849348
46.0,720,6295.974691
78.0,1328,6305.522205
305.0,1271,6314.679075
109.0,1544,6325.790731
43.0,1064,6333.431867
210.0,1705,6346.401617
55.0,1273,6355.558356
100.0,1466,6366.102706
136.0,1447,6376.52529
90.0,1227,6385.338378
61.0,1442,6395.722889
52.0,1116,6403.73905
20.0,702,6408.755012
67.0,1425,6419.677616
134.0,1682,6431.902103
61.0,1204,6440.605802
90.0,1348,6450.29395
61.0,1133,6458.450745
224.0,1577,6469.827172
73.0,1157,6478.233983
61.0,1082,6486.047005
112.0,1505,6496.93836
68.0,1419,6507.184153
71.0,1241,6516.137876
138.0,1563,6527.404256
61.0,949,6534.208212
113.0,1363,6544.021401
156.0,868,6550.256172
118.0,1405,6560.475604
126.0,1638,6572.414539
42.0,1166,6580.805726
236.0,1679,6592.900531
104.0,1571,6604.209136
76.0,1158,6612.537818
62.0,1242,6621.475916
70.0,1040,6628.960793
54.0,1124,6637.008205
109.0,1439,6647.375444
153.0,1520,6658.329304
125.0,1539,6669.423792
209.0,1654,6681.331426
48.0,1308,6690.75394
195.0,1520,6701.692163
301.0,1536,6712.735384
226.0,1356,6722.563954
226.0,1648,6734.517878
162.0,1345,6744.244087
254.0,1256,6753.291577
192.0,1433,6763.604766
62.0,1389,6773.574173
157.0,1490,6784.982007
95.0,1380,6795.456013
47.0,1100,6803.641439
235.0,973,6810.641907
200.0,1262,6819.72063
382.0,1285,6828.97125
279.0,1568,6840.268879
96.0,1590,6851.705704
215.0,1306,6861.853585
195.0,1222,6870.744805
240.0,1831,6884.089438
127.0,1695,6896.402762
277.0,1023,6903.809517
176.0,1146,6912.138199
72.0,1395,6922.22675
121.0,1684,6934.461947
86.0,1481,6945.197038
146.0,1600,6956.760321
61.0,1032,6964.22957
107.0,1041,6971.745689
266.0,1148,6980.038242
292.0,1647,6991.929663
200.0,1477,7002.586635
34.0,598,7006.852535
69.0,1175,7015.290609
67.0,1214,7024.034029
69.0,1197,7032.722101
100.0,1393,7042.816462
43.0,1061,7050.504467
216.0,1367,7060.395753
319.0,1284,7069.646371
198.0,994,7076.787474
116.0,1640,7088.647642
130.0,1589,7100.12703
132.0,1574,7111.502801
213.0,1376,7121.440956
99.0,1185,7129.988413
106.0,1401,7140.067212
110.0,1484,7150.755417
209.0,1524,7161.750361
126.0,1614,7173.532043
234.0,1399,7183.626468
204.0,1333,7193.205287
286.0,1527,7204.237221
186.0,1304,7213.628485
94.0,1140,7221.825503
77.0,1402,7231.93249
60.0,924,7238.557933
71.0,1431,7248.918013
70.0,1455,7259.465583
122.0,1479,7270.200685
349.0,1768,7283.014044
