#{"t_start": 1529793924.7156703, "env_id": "Breakout-ramNoFrameskip-v4"}
r,l,t
1.0,192,2.236172
1.0,188,2.611197
1.0,172,2.970596
7.0,339,3.642517
1.0,201,4.048793
1.0,159,4.37694
0.0,151,4.68947
0.0,126,4.939479
0.0,150,5.251999
0.0,141,5.533268
1.0,155,5.845789
0.0,131,6.127057
6.0,404,6.939612
1.0,157,7.252142
0.0,130,7.517775
2.0,212,7.939887
1.0,167,8.283451
2.0,201,8.705354
0.0,133,8.986624
0.0,128,9.252266
2.0,189,9.642916
0.0,136,9.90857
2.0,223,10.361715
1.0,180,10.721114
3.0,232,11.174269
1.0,179,11.533669
2.0,209,11.971208
0.0,133,12.236841
3.0,232,12.721248
1.0,173,13.065021
1.0,189,13.455672
1.0,165,13.783819
1.0,179,14.143228
1.0,170,14.486992
1.0,184,14.846391
0.0,138,15.143465
3.0,274,15.674571
1.0,187,16.049596
2.0,203,16.455873
1.0,173,16.799646
1.0,181,17.167282
1.0,181,17.526636
5.0,350,18.228014
1.0,177,18.571787
0.0,122,18.821815
1.0,158,19.134326
2.0,204,19.540602
2.0,204,19.94688
2.0,201,20.346725
2.0,187,20.72175
2.0,224,21.174911
1.0,158,21.487426
1.0,188,21.875082
0.0,125,22.234492
1.0,164,22.750142
2.0,213,23.398803
3.0,275,24.226974
0.0,139,24.664502
1.0,185,25.227051
0.0,136,25.664571
1.0,181,26.211481
0.0,132,26.633385
0.0,129,27.039663
0.0,132,27.445939
2.0,221,28.133485
1.0,159,28.617893
0.0,141,29.055422
1.0,173,29.586707
1.0,188,30.164871
1.0,160,30.664904
0.0,130,31.071181
1.0,191,31.664565
3.0,240,32.398998
1.0,191,32.977161
2.0,193,33.586567
2.0,212,34.227236
2.0,199,34.836651
5.0,345,35.899223
0.0,130,36.3055
4.0,311,37.243071
2.0,221,37.9307
0.0,127,38.32126
1.0,192,38.91505
1.0,170,39.446344
0.0,158,39.930742
1.0,177,40.477653
2.0,206,41.111722
3.0,236,41.846156
3.0,252,42.611823
0.0,144,43.064979
1.0,185,43.627516
1.0,188,44.205689
1.0,161,44.705713
0.0,133,45.11199
3.0,263,45.924544
2.0,223,46.608565
1.0,161,47.108599
1.0,185,47.667757
2.0,226,48.368879
1.0,160,48.868911
1.0,175,49.400188
0.0,151,49.868969
1.0,166,50.384913
0.0,128,50.775289
1.0,156,51.259688
2.0,203,51.884729
1.0,165,52.384772
2.0,227,53.212953
0.0,129,53.61923
1.0,173,54.150515
0.0,157,54.634913
5.0,361,55.728746
3.0,245,56.478796
1.0,163,56.97883
1.0,185,57.556984
0.0,137,57.978887
0.0,132,58.385173
2.0,219,59.057092
1.0,166,59.572752
2.0,218,60.244663
0.0,137,60.666576
1.0,174,61.213479
1.0,174,61.744764
3.0,250,62.51045
2.0,236,63.223835
3.0,226,63.926998
1.0,162,64.427092
1.0,183,64.989568
2.0,227,65.69274
0.0,142,66.130269
0.0,144,66.579818
0.0,139,67.001721
0.0,148,67.475246
2.0,197,68.109473
1.0,164,68.616271
1.0,165,69.13194
4.0,297,70.069504
2.0,229,70.782682
2.0,206,71.407722
1.0,161,71.907765
0.0,142,72.345295
0.0,146,72.798441
1.0,185,73.360988
0.0,128,73.767255
4.0,361,74.876704
1.0,156,75.345485
4.0,278,76.204918
2.0,207,76.837172
0.0,132,77.243574
0.0,171,77.774745
0.0,140,78.21197
3.0,259,78.993272
0.0,149,79.462054
1.0,171,79.977713
3.0,253,80.76687
2.0,212,81.407529
2.0,242,82.157589
3.0,271,82.985759
0.0,127,83.37641
0.0,143,83.829577
6.0,408,85.079659
4.0,306,86.001595
0.0,137,86.423489
1.0,176,86.970401
4.0,298,87.876721
0.0,155,88.345566
1.0,163,88.861152
1.0,181,89.4237
1.0,187,89.986237
1.0,177,90.533139
1.0,190,91.126939
1.0,193,91.720413
2.0,205,92.345454
1.0,184,92.923608
0.0,141,93.361148
1.0,178,93.908059
4.0,299,94.814369
1.0,181,95.376897
0.0,137,95.792369
0.0,130,96.214273
1.0,222,96.886193
2.0,220,97.558123
1.0,186,98.136277
3.0,253,98.917588
1.0,159,99.401986
4.0,304,100.339549
0.0,132,100.745826
0.0,127,101.136487
0.0,154,101.620885
3.0,262,102.417813
1.0,156,102.90222
1.0,174,103.449142
0.0,124,103.839783
0.0,130,104.24606
0.0,131,104.636711
1.0,159,105.136745
1.0,178,105.683657
2.0,205,106.324324
2.0,215,106.980618
0.0,128,107.37128
4.0,300,108.293206
2.0,245,109.043265
3.0,248,109.800974
1.0,192,110.394673
0.0,135,110.816566
1.0,183,111.379114
0.0,132,111.785381
5.0,327,112.791808
0.0,158,113.276205
1.0,168,113.800262
0.0,149,114.253428
0.0,139,114.690948
0.0,169,115.206616
1.0,170,115.722267
1.0,181,116.284804
0.0,128,116.675455
2.0,214,117.331758
6.0,442,118.675589
3.0,332,119.691283
1.0,174,120.222577
5.0,338,121.269513
0.0,126,121.660164
1.0,171,122.191449
3.0,284,123.062174
0.0,130,123.468451
4.0,261,124.265388
1.0,178,124.8123
3.0,243,125.562351
3.0,279,126.406157
1.0,213,127.062441
2.0,243,127.812501
3.0,275,128.656298
3.0,244,129.406349
1.0,179,129.95326
5.0,332,130.984579
1.0,172,131.515865
3.0,266,132.328428
1.0,177,132.890956
0.0,131,133.297243
0.0,166,133.797276
1.0,179,134.359805
2.0,197,134.953594
3.0,299,135.872736
1.0,178,136.419648
0.0,161,136.913571
4.0,287,137.791403
2.0,204,138.418012
4.0,302,139.339949
0.0,150,139.80874
2.0,213,140.465024
1.0,204,141.090075
3.0,249,141.855742
2.0,242,142.590167
1.0,193,143.199591
0.0,144,143.649199
1.0,184,144.203251
2.0,236,144.92205
3.0,239,145.765856
0.0,145,146.219011
1.0,196,146.828436
1.0,188,147.40659
2.0,232,148.109762
2.0,200,148.734813
1.0,192,149.328594
0.0,150,149.781749
1.0,182,150.34442
4.0,371,151.469362
3.0,247,152.235038
2.0,207,152.875706
0.0,154,153.344488
2.0,203,153.96953
1.0,188,154.547702
1.0,170,155.078978
1.0,181,155.641526
3.0,251,156.398268
0.0,143,156.851546
3.0,319,157.820228
2.0,218,158.480157
3.0,254,159.266195
0.0,152,159.734976
2.0,212,160.391269
0.0,134,160.813163
3.0,277,161.656969
0.0,153,162.12575
0.0,148,162.594543
3.0,285,163.453974
8.0,480,164.922813
1.0,214,165.579107
2.0,203,166.204242
4.0,260,167.001077
3.0,268,167.829257
1.0,196,168.431216
0.0,174,168.962491
1.0,201,169.587543
0.0,142,170.025062
1.0,173,170.556348
0.0,142,170.993877
5.0,398,172.212708
2.0,198,172.822124
1.0,189,173.415913
4.0,326,174.400461
0.0,140,174.837884
0.0,168,175.353544
2.0,248,176.11922
1.0,156,176.713009
3.0,292,177.603703
2.0,261,178.416259
0.0,128,178.822525
4.0,310,179.760088
3.0,257,180.54139
3.0,283,181.416449
0.0,159,181.900866
0.0,131,182.32277
0.0,146,182.773781
0.0,153,183.242561
3.0,293,184.133246
2.0,237,184.867671
3.0,242,185.602094
3.0,283,186.461537
3.0,260,187.274091
3.0,323,188.258523
0.0,140,188.696052
1.0,212,189.352345
0.0,175,189.883631
0.0,134,190.305544
1.0,215,190.961831
0.0,129,191.352479
0.0,164,191.868268
0.0,211,192.508936
4.0,328,193.509004
1.0,176,194.055914
4.0,326,195.040365
4.0,330,196.056048
0.0,139,196.477951
0.0,208,197.118619
1.0,178,197.66553
1.0,213,198.323034
1.0,198,198.932449
0.0,205,199.557502
0.0,141,199.995021
0.0,127,200.385672
1.0,197,200.995087
0.0,148,201.46387
0.0,186,202.043138
0.0,152,202.515692
1.0,211,203.156358
0.0,173,203.682165
4.0,311,204.644651
0.0,199,205.254107
1.0,221,205.941613
0.0,201,206.551028
3.0,232,207.2542
0.0,151,207.722981
3.0,244,208.473032
0.0,179,209.019953
2.0,256,209.801255
0.0,131,210.207533
3.0,246,210.957574
0.0,146,211.410739
1.0,171,211.942024
2.0,207,212.582682
1.0,171,213.098351
0.0,201,213.723393
4.0,346,214.77472
1.0,194,215.368421
1.0,201,215.993461
0.0,195,216.58725
0.0,163,217.087284
3.0,276,217.931091
2.0,248,218.681141
2.0,250,219.462453
1.0,163,219.962476
0.0,153,220.431379
1.0,205,221.0563
0.0,168,221.57197
4.0,320,222.5564
2.0,266,223.38459
1.0,190,223.962754
1.0,228,224.665926
0.0,166,225.181586
0.0,140,225.619657
1.0,175,226.151
1.0,193,226.744733
1.0,248,227.526036
1.0,177,228.057866
0.0,166,228.572608
5.0,390,229.760188
2.0,230,230.463359
1.0,195,231.072775
1.0,222,231.760322
0.0,183,232.307232
0.0,129,232.729136
0.0,238,233.447943
4.0,340,234.494889
1.0,184,235.057417
4.0,380,236.213756
0.0,148,236.666959
1.0,207,237.307577
2.0,278,238.151374
1.0,197,238.7608
1.0,211,239.417093
3.0,317,240.395165
1.0,236,241.113963
0.0,136,241.535866
3.0,275,242.379673
0.0,178,242.926594
4.0,493,244.426694
0.0,153,244.895467
0.0,175,245.442378
3.0,333,246.442444
2.0,227,247.14571
0.0,218,247.833163
3.0,330,248.831265
0.0,235,249.550053
0.0,171,250.069691
5.0,400,251.304159
0.0,181,251.85106
1.0,227,252.554242
1.0,210,253.1949
1.0,282,254.069958
0.0,197,254.663748
0.0,161,255.163847
0.0,230,255.873925
1.0,202,256.483341
0.0,142,256.936496
0.0,220,257.655296
1.0,323,258.634813
0.0,223,259.322359
0.0,170,259.838019
2.0,269,260.653174
3.0,277,261.512607
3.0,302,262.434543
0.0,156,262.918941
1.0,259,263.700243
0.0,256,264.481555
0.0,182,265.044084
0.0,332,266.059776
0.0,220,266.731696
5.0,427,268.028658
3.0,249,268.794335
0.0,302,269.716271
0.0,313,270.66946
4.0,334,271.685161
4.0,345,272.732107
0.0,224,273.419644
1.0,197,274.035268
0.0,164,274.535302
0.0,193,275.129101
0.0,343,276.176038
4.0,347,277.222991
2.0,255,278.004284
1.0,282,278.879352
3.0,312,279.832531
1.0,343,280.863851
2.0,301,281.785788
2.0,244,282.535838
2.0,240,283.270262
0.0,178,283.817173
0.0,243,284.551597
4.0,303,285.477005
1.0,256,286.258308
0.0,151,286.72709
2.0,295,287.6334
4.0,321,288.601658
4.0,274,289.445471
0.0,274,290.273652
1.0,225,290.976824
0.0,213,291.617483
3.0,307,292.555046
4.0,423,293.852007
0.0,181,294.407099
3.0,307,295.33839
2.0,293,296.231225
0.0,340,297.278224
1.0,840,299.80958
3.0,696,301.934722
4.0,513,303.4817
0.0,320,304.466152
3.0,373,305.591259
3.0,451,306.973511
3.0,469,308.395491
2.0,378,309.536182
0.0,372,310.676884
0.0,262,311.458196
0.0,225,312.145742
3.0,782,314.52089
1.0,307,315.466404
1.0,192,316.044559
0.0,232,316.763366
0.0,344,317.810312
0.0,188,318.388466
2.0,360,319.486459
0.0,244,320.236508
0.0,203,320.86156
2.0,350,321.924122
1.0,217,322.596051
0.0,198,323.205466
0.0,232,323.908629
0.0,396,325.111834
0.0,260,325.924391
1.0,200,326.533814
0.0,284,327.393237
0.0,254,328.174539
0.0,233,328.893338
0.0,259,329.690267
0.0,206,330.315317
3.0,289,331.205992
4.0,408,332.44046
0.0,227,333.143631
0.0,324,334.128063
0.0,240,334.862488
0.0,196,335.471902
2.0,335,336.478882
0.0,193,337.072662
1.0,443,338.416502
3.0,290,339.307187
4.0,405,340.535181
0.0,239,341.26751
0.0,227,341.970684
11.0,505,343.505659
1.0,184,344.068197
0.0,251,344.833863
0.0,172,345.364899
0.0,276,346.208699
2.0,279,347.052504
0.0,271,347.880683
0.0,174,348.427596
1.0,252,349.192214
2.0,338,350.223534
1.0,289,351.09859
7.0,533,352.720363
0.0,201,353.329864
1.0,243,354.07982
0.0,280,354.939263
0.0,249,355.689303
0.0,175,356.236224
2.0,305,357.15816
2.0,251,357.939454
2.0,272,358.767633
1.0,285,359.642693
0.0,212,360.28337
2.0,291,361.174045
0.0,221,361.861591
3.0,991,364.85012
2.0,261,365.647048
0.0,275,366.490855
1.0,240,367.225279
1.0,268,368.037843
0.0,176,368.584746
0.0,263,369.381673
1.0,215,370.053593
0.0,430,371.350554
4.0,670,373.381941
1.0,172,373.913236
5.0,672,375.944611
4.0,275,376.788419
0.0,258,377.569731
3.0,631,379.486923
0.0,178,380.033824
1.0,279,380.893256
1.0,264,381.705821
1.0,283,382.580869
1.0,198,383.190295
2.0,255,384.002839
0.0,185,384.589228
4.0,369,385.700558
1.0,411,386.958689
0.0,320,387.932962
1.0,192,388.519296
0.0,220,389.191216
2.0,237,389.910014
7.0,354,391.003838
12.0,667,393.019608
1.0,308,393.972798
1.0,160,394.457194
1.0,184,395.019732
1.0,319,396.004298
1.0,155,396.48859
3.0,502,398.018257
0.0,302,398.940238
2.0,364,400.034027
0.0,156,400.518434
4.0,297,401.424737
1.0,191,402.018524
1.0,256,402.799837
2.0,312,403.753016
3.0,253,404.518692
0.0,155,405.003099
1.0,183,405.570125
4.0,814,408.023425
2.0,339,409.070359
3.0,292,409.967787
3.0,358,411.046707
3.0,326,412.046773
3.0,384,413.218727
5.0,345,414.281299
5.0,335,415.296991
0.0,215,415.953285
2.0,218,416.625205
3.0,301,417.547142
0.0,186,418.125305
0.0,161,418.609714
2.0,219,419.297259
0.0,149,419.750414
0.0,162,420.250447
0.0,129,420.656724
3.0,222,421.328645
0.0,138,421.750547
4.0,300,422.672485
3.0,260,423.469412
1.0,204,424.094463
1.0,320,425.06327
0.0,164,425.578929
0.0,256,426.360231
0.0,175,426.891526
1.0,174,427.438437
1.0,219,428.110348
0.0,152,428.579139
2.0,224,429.266676
0.0,206,429.891716
4.0,494,431.386518
2.0,297,432.286053
0.0,211,432.942346
1.0,188,433.52051
5.0,463,434.928263
2.0,279,435.772078
1.0,214,436.443998
0.0,136,436.865901
2.0,260,437.662822
0.0,304,438.584757
0.0,368,439.709842
0.0,348,440.776484
0.0,304,441.69841
2.0,388,442.870373
7.0,336,443.898298
1.0,242,444.648348
2.0,302,445.570284
0.0,215,446.226569
2.0,337,447.257888
6.0,518,448.836118
1.0,292,449.726836
4.0,507,451.258165
0.0,356,452.336352
0.0,203,452.97702
0.0,212,453.617689
0.0,260,454.414616
0.0,365,455.524075
4.0,373,456.655106
1.0,726,458.858368
1.0,615,460.717878
0.0,309,461.671057
0.0,210,462.311735
2.0,335,463.327417
1.0,320,464.311858
0.0,251,465.077535
4.0,501,466.585312
0.0,217,467.257174
0.0,327,468.257231
0.0,430,469.554203
1.0,326,470.551204
2.0,239,471.285628
0.0,210,471.926377
0.0,186,472.504461
11.0,296,473.41077
2.0,254,474.192072
0.0,227,474.879628
0.0,227,475.58279
1.0,228,476.280499
1.0,343,477.320866
0.0,259,478.117794
2.0,268,478.930357
2.0,246,479.680399
3.0,463,481.091361
0.0,173,481.622657
2.0,328,482.622714
2.0,378,483.779041
2.0,354,484.857239
2.0,370,485.982314
0.0,211,486.622982
3.0,284,487.498041
2.0,235,488.216838
1.0,467,489.626773
0.0,493,491.126874
2.0,303,492.033183
0.0,469,493.47078
0.0,281,494.314687
1.0,232,495.033384
1.0,199,495.639629
2.0,198,496.249055
1.0,214,496.905339
0.0,197,497.514755
2.0,242,498.265015
1.0,269,499.077359
0.0,180,499.639896
3.0,315,500.593085
1.0,254,501.362062
1.0,458,502.75278
6.0,381,503.924724
4.0,353,504.987295
2.0,280,505.846738
4.0,349,506.909298
0.0,410,508.159392
2.0,248,508.925067
4.0,400,510.1439
5.0,401,511.362731
7.0,371,512.503423
0.0,192,513.081586
0.0,340,514.128532
1.0,332,515.144234
5.0,469,516.566195
1.0,341,517.597513
0.0,306,518.535076
1.0,463,519.942405
1.0,308,520.879959
0.0,405,522.102373
5.0,555,523.78345
0.0,345,524.84602
9.0,532,526.460523
4.0,372,527.583182
1.0,189,528.161346
2.0,929,530.971642
1.0,302,531.895288
1.0,403,533.11412
1.0,371,534.239204
2.0,291,535.124481
3.0,402,536.343313
2.0,269,537.171492
0.0,356,538.265316
1.0,308,539.202879
1.0,272,540.031058
0.0,192,540.624849
2.0,612,542.484348
1.0,564,544.187588
0.0,440,545.531428
0.0,280,546.375233
0.0,324,547.371847
1.0,264,548.168776
0.0,316,549.121964
1.0,373,550.278292
0.0,225,550.965847
2.0,532,552.57532
1.0,222,553.262865
0.0,262,554.059795
0.0,318,555.044235
1.0,185,555.611188
2.0,209,556.251857
0.0,250,557.017533
0.0,130,557.423812
0.0,220,558.09573
1.0,165,558.611389
0.0,165,559.111423
0.0,304,560.048986
2.0,265,560.86154
1.0,184,561.42408
1.0,227,562.119271
0.0,177,562.666173
0.0,175,563.213085
2.0,279,564.056901
0.0,231,564.775689
0.0,206,565.400733
0.0,200,566.025774
2.0,209,566.666441
0.0,159,567.166473
0.0,256,567.944316
1.0,234,568.658015
1.0,302,569.579915
0.0,161,570.079938
0.0,219,570.751934
0.0,244,571.501918
1.0,208,572.142587
1.0,256,572.928384
1.0,184,573.500168
1.0,213,574.140838
0.0,150,574.609607
0.0,158,575.094052
3.0,281,575.953448
3.0,390,577.146259
2.0,259,577.943187
1.0,178,578.490108
2.0,281,579.349532
0.0,195,579.943331
0.0,123,580.333973
1.0,318,581.29967
1.0,474,582.737362
0.0,328,583.737334
0.0,246,584.487374
2.0,534,586.112494
0.0,144,586.550012
1.0,664,588.565781
4.0,828,591.065939
0.0,332,592.080105
0.0,312,593.027366
1.0,252,593.793042
0.0,212,594.449336
0.0,500,595.965063
4.0,501,597.496425
1.0,437,598.824628
2.0,371,599.96533
2.0,319,600.934144
0.0,244,601.684196
0.0,343,602.715515
3.0,294,603.621836
2.0,306,604.559388
3.0,214,605.215681
2.0,707,607.356448
1.0,184,607.918996
0.0,170,608.450272
1.0,258,609.231574
5.0,504,610.762936
0.0,230,611.466099
0.0,170,611.997385
0.0,239,612.731848
1.0,261,613.527304
4.0,349,614.583963
0.0,199,615.209004
0.0,220,615.880934
1.0,245,616.615358
1.0,175,617.16226
0.0,344,618.209205
0.0,264,619.010828
0.0,196,619.620122
1.0,241,620.359941
0.0,158,620.844348
0.0,245,621.594398
0.0,232,622.29757
1.0,234,623.017908
0.0,214,623.674412
0.0,318,624.643027
0.0,302,625.559534
0.0,308,626.512733
2.0,292,627.401032
3.0,278,628.244848
1.0,288,629.135533
2.0,185,629.713772
2.0,273,630.541868
2.0,289,631.416936
0.0,152,631.885708
5.0,374,633.026409
3.0,340,634.057728
0.0,484,635.526576
1.0,193,636.136002
7.0,340,637.167321
6.0,475,638.609517
1.0,157,639.093934
0.0,164,639.609595
1.0,169,640.125242
2.0,398,641.328459
1.0,169,641.844108
0.0,124,642.234759
0.0,142,642.67229
3.0,283,643.531722
2.0,186,644.110016
2.0,187,644.688049
4.0,315,645.641247
1.0,159,646.141271
0.0,156,646.610052
0.0,125,647.000703
2.0,296,647.907023
0.0,129,648.297674
2.0,250,649.078976
3.0,248,649.829018
0.0,177,650.37594
2.0,242,651.110353
1.0,169,651.641639
2.0,289,652.532323
6.0,620,654.411187
1.0,171,654.942473
1.0,164,655.442506
0.0,134,655.86441
0.0,129,656.255061
5.0,2020,662.359103
2.0,254,663.140405
0.0,152,663.609176
0.0,331,664.609244
0.0,187,665.190308
0.0,248,665.940367
0.0,235,666.66095
0.0,247,667.411135
0.0,415,668.676708
2.0,382,669.833047
0.0,150,670.301828
1.0,254,671.083121
0.0,370,672.208195
2.0,280,673.068237
0.0,180,673.616781
0.0,187,674.17931
2.0,298,675.101247
0.0,311,676.045809
0.0,222,676.717729
1.0,196,677.327144
3.0,507,678.889739
0.0,285,679.764798
0.0,217,680.421092
0.0,253,681.204979
3.0,270,682.017532
0.0,182,682.580079
0.0,209,683.220822
1.0,286,684.102283
1.0,197,684.711615
1.0,283,685.571057
0.0,221,686.258603
0.0,180,686.805505
3.0,586,688.586874
0.0,262,689.399428
0.0,132,689.805707
4.0,400,691.024547
1.0,296,691.930849
0.0,204,692.555891
1.0,258,693.337192
0.0,234,694.056
2.0,309,695.009179
2.0,271,695.83736
2.0,290,696.743672
0.0,338,697.774989
2.0,340,698.853187
1.0,405,700.087644
1.0,355,701.165841
1.0,273,701.994021
7.0,311,702.94722
2.0,263,703.744148
2.0,255,704.520209
0.0,201,705.145262
2.0,214,705.819802
0.0,193,706.397967
1.0,258,707.210529
3.0,394,708.393317
2.0,290,709.284002
2.0,195,709.877926
0.0,194,710.487216
3.0,308,711.421528
1.0,435,712.749744
0.0,182,713.31206
0.0,202,713.921475
2.0,267,714.739758
2.0,286,715.614806
4.0,304,716.552379
0.0,233,717.255541
2.0,244,718.0056
1.0,256,718.786893
2.0,353,719.864854
2.0,292,720.755571
4.0,376,721.895855
0.0,141,722.333419
0.0,218,723.005296
3.0,244,723.755346
3.0,260,724.552273
4.0,363,725.661723
1.0,212,726.302391
0.0,190,726.896181
0.0,151,727.364962
1.0,298,728.271283
5.0,514,729.848171
0.0,206,730.488938
1.0,172,731.004499
4.0,357,732.098322
2.0,292,733.004643
0.0,151,733.457788
3.0,270,734.285969
2.0,238,735.020393
1.0,256,735.808757
0.0,272,736.636937
3.0,240,737.371371
4.0,325,738.371428
0.0,227,739.058974
1.0,1479,743.528033
1.0,190,744.106186
3.0,249,744.871862
3.0,272,745.706679
2.0,227,746.394175
3.0,274,747.237981
4.0,332,748.253664
3.0,267,749.066218
0.0,290,749.961457
0.0,192,750.53963
5.0,361,751.643914
3.0,321,752.628365
3.0,309,753.565917
1.0,264,754.378472
1.0,329,755.378539
1.0,460,756.784882
1.0,221,757.454404
0.0,218,758.126334
2.0,254,758.907626
0.0,180,759.464744
1.0,247,760.214804
2.0,214,760.871086
2.0,273,761.699267
0.0,173,762.230562
1.0,1678,767.29099
2.0,248,768.056665
1.0,342,769.087985
1.0,183,769.662744
1.0,187,770.225291
1.0,1304,774.163045
1.0,216,774.819405
1.0,214,775.48995
1.0,2066,781.719874
4.0,352,782.782446
0.0,142,783.219977
0.0,177,783.782512
1.0,395,784.985718
2.0,280,785.845151
4.0,350,786.907721
1.0,230,787.610894
0.0,207,788.251561
1.0,190,788.845351
2.0,1139,792.361211
1.0,231,793.064395
2.0,278,793.939442
0.0,147,794.408223
0.0,172,794.939509
1.0,185,795.509267
0.0,183,796.079944
0.0,216,796.729334
4.0,313,797.698149
0.0,216,798.354444
0.0,219,799.026363
1.0,260,799.823292
2.0,279,800.66712
2.0,275,801.510906
1.0,167,802.026573
2.0,351,803.104761
0.0,172,803.631672
2.0,192,804.225451
2.0,215,804.881755
4.0,324,805.866188
0.0,225,806.559517
3.0,239,807.278305
4.0,285,808.16899
0.0,193,808.762779
0.0,150,809.215935
2.0,638,811.144179
2.0,215,811.800472
1.0,222,812.488019
1.0,250,813.253705
1.0,296,814.160016
1.0,460,815.56635
1.0,320,816.536452
1.0,280,817.427717
2.0,215,818.087862
0.0,265,818.903008
0.0,280,819.76244
2.0,321,820.731265
3.0,296,821.63713
1.0,186,822.215293
2.0,301,823.137239
2.0,272,823.96541
2.0,188,824.543573
1.0,201,825.152999
3.0,872,827.786205
2.0,275,828.63001
0.0,220,829.30193
4.0,539,830.942655
0.0,233,831.661452
1.0,444,833.020929
1.0,400,834.224134
2.0,206,834.864793
1.0,222,835.536712
2.0,297,836.443033
2.0,200,837.052439
0.0,139,837.490963
1.0,184,838.096678
1.0,200,838.706733
0.0,224,839.393982
0.0,252,840.159659
0.0,273,841.003465
4.0,333,842.014692
0.0,279,842.876375
2.0,243,843.62429
1.0,236,844.37433
0.0,232,845.093138
1.0,243,845.84319
1.0,274,846.686985
0.0,239,847.405793
0.0,196,848.015209
0.0,140,848.452728
0.0,132,848.859015
2.0,282,849.71853
7.0,277,850.563837
2.0,269,851.392017
5.0,439,852.722845
0.0,169,853.238496
6.0,401,854.457327
3.0,249,855.223004
3.0,241,855.950032
3.0,261,856.762588
1.0,196,857.360004
3.0,303,858.281952
1.0,173,858.828866
0.0,188,859.422652
1.0,240,860.157067
0.0,229,860.860238
1.0,243,861.610289
1.0,181,862.15721
3.0,353,863.235398
2.0,322,864.219848
1.0,217,864.891772
2.0,235,865.610557
0.0,140,866.048086
1.0,185,866.613922
0.0,199,867.240513
0.0,148,867.693668
1.0,209,868.334337
1.0,181,868.896873
1.0,218,869.568803
5.0,380,870.725123
0.0,176,871.272032
1.0,268,872.084595
7.0,260,872.881515
0.0,185,873.444053
5.0,435,874.772267
0.0,429,876.084854
0.0,343,877.1318
5.0,549,878.803787
0.0,220,879.475707
4.0,371,880.600782
0.0,244,881.350832
2.0,222,882.022752
0.0,174,882.569664
0.0,196,883.17908
2.0,282,884.038512
1.0,262,884.851066
2.0,333,885.851143
0.0,391,887.046892
0.0,228,887.750064
0.0,188,888.322355
2.0,395,889.525551
5.0,521,891.088157
1.0,360,892.197605
1.0,214,892.853899
5.0,424,894.135235
2.0,254,894.916537
1.0,280,895.77598
0.0,184,896.343706
1.0,236,897.062504
0.0,172,897.593791
0.0,154,898.078197
0.0,158,898.562605
1.0,213,899.218899
4.0,370,900.342586
0.0,181,900.905124
5.0,957,903.799847
3.0,352,904.878035
0.0,239,905.596834
2.0,251,906.36251
2.0,301,907.284445
0.0,248,908.050131
0.0,224,908.722043
3.0,261,909.534596
2.0,241,910.26903
1.0,270,911.097201
1.0,373,912.222286
2.0,333,913.255254
1.0,263,914.067808
3.0,287,914.94643
1.0,228,915.648092
0.0,220,916.320001
3.0,340,917.366946
3.0,273,918.195127
3.0,291,919.101532
0.0,240,919.835872
3.0,391,921.039068
2.0,381,922.21102
4.0,463,923.617365
1.0,197,924.226926
4.0,277,925.070587
0.0,215,925.742507
5.0,427,927.039468
7.0,248,927.789519
1.0,242,928.539578
3.0,307,929.477132
0.0,248,930.242808
4.0,348,931.305378
11.0,938,934.141003
1.0,184,934.70354
4.0,304,935.641103
5.0,694,937.750619
4.0,289,938.625678
2.0,207,939.266355
5.0,473,940.703942
2.0,319,941.782139
4.0,1798,947.201333
2.0,321,948.185774
0.0,419,949.4617
0.0,240,950.196125
2.0,570,951.930615
4.0,751,954.196391
0.0,175,954.727678
0.0,174,955.258963
5.0,429,956.571551
0.0,231,957.274722
0.0,173,957.806008
0.0,136,958.227912
0.0,176,958.773377
0.0,363,959.8672
1.0,160,960.367234
0.0,208,961.007902
4.0,395,962.211107
1.0,1715,967.374913
0.0,222,968.062458
0.0,211,968.703127
1.0,249,969.468802
0.0,188,970.046976
4.0,321,971.015782
0.0,259,971.81271
1.0,322,972.797151
1.0,250,973.562827
2.0,300,974.469137
4.0,1363,978.578378
6.0,458,979.978763
3.0,335,980.994456
5.0,478,982.447688
0.0,279,983.291485
3.0,343,984.338431
2.0,687,986.416704
0.0,149,986.885476
2.0,480,988.338697
4.0,452,989.713453
0.0,330,990.729271
1.0,214,991.401024
1.0,391,992.627267
1.0,445,994.048502
2.0,1172,997.614232
0.0,248,998.364281
1.0,196,998.973698
0.0,152,999.426843
10.0,1364,1003.540106
0.0,180,1004.102644
1.0,252,1004.874733
0.0,163,1005.374884
12.0,533,1006.984249
2.0,236,1007.703047
0.0,167,1008.217218
2.0,293,1009.108037
2.0,261,1009.920468
1.0,259,1010.717396
2.0,240,1011.456032
0.0,164,1012.002943
0.0,160,1012.502986
0.0,136,1012.924879
0.0,220,1013.596799
0.0,157,1014.081218
2.0,363,1015.175039
1.0,214,1015.831332
1.0,192,1016.425122
1.0,168,1016.940781
3.0,314,1017.893961
0.0,348,1018.964324
2.0,295,1019.864426
0.0,198,1020.481856
7.0,634,1022.623697
0.0,225,1023.382901
1.0,192,1024.039581
0.0,192,1024.682465
0.0,260,1025.53448
0.0,176,1026.147729
4.0,335,1027.24906
2.0,197,1027.936002
2.0,305,1028.973376
0.0,271,1029.903877
3.0,298,1030.923107
0.0,150,1031.441224
0.0,188,1032.087369
2.0,232,1032.885549
5.0,657,1035.137055
4.0,539,1036.988482
2.0,672,1039.266985
4.0,354,1040.460254
1.0,291,1041.461479
0.0,264,1042.365684
0.0,290,1043.359906
0.0,287,1044.344128
2.0,434,1045.842466
1.0,332,1046.988724
0.0,520,1048.747902
6.0,1460,1053.689154
3.0,277,1054.630364
4.0,354,1055.838636
2.0,223,1056.609809
4.0,389,1057.934107
0.0,412,1059.343426
0.0,398,1060.694731
0.0,239,1061.49491
6.0,827,1064.29654
4.0,334,1065.446799
1.0,179,1066.069939
1.0,224,1066.844113
6.0,423,1068.283438
7.0,482,1069.959816
1.0,199,1070.649971
10.0,576,1072.549546
0.0,164,1073.119674
3.0,314,1074.175341
1.0,225,1074.92951
0.0,167,1075.494637
1.0,226,1076.264812
0.0,239,1077.069921
1.0,292,1078.062978
9.0,473,1079.681681
1.0,220,1080.441061
0.0,179,1081.035026
0.0,203,1081.74063
10.0,516,1083.513291
0.0,174,1084.118427
8.0,1001,1087.539197
3.0,247,1088.397391
4.0,312,1089.471334
5.0,340,1090.6586
1.0,269,1091.584808
0.0,211,1092.324976
3.0,373,1093.615266
1.0,251,1094.498465
0.0,264,1095.415409
0.0,168,1095.998548
5.0,378,1097.293838
3.0,338,1098.469103
0.0,152,1098.996221
1.0,192,1099.669372
2.0,222,1100.446548
2.0,238,1101.278736
2.0,296,1102.429996
4.0,296,1103.463237
2.0,264,1104.379433
3.0,243,1105.218991
1.0,197,1105.912603
2.0,254,1106.791738
4.0,427,1108.265362
0.0,227,1109.049539
3.0,312,1110.122279
0.0,172,1110.719414
4.0,513,1112.486813
5.0,390,1113.816112
0.0,145,1114.326227
0.0,148,1114.836341
4.0,385,1116.154639
0.0,171,1116.749773
2.0,240,1117.584961
3.0,356,1118.817238
3.0,364,1120.081523
2.0,248,1120.945717
2.0,313,1122.02596
7.0,303,1123.081198
5.0,391,1124.4265
1.0,365,1125.704788
0.0,292,1126.717029
1.0,228,1127.505207
3.0,293,1128.519435
0.0,231,1129.318614
1.0,236,1130.1418
2.0,376,1131.43109
1.0,213,1132.166255
4.0,322,1133.271072
3.0,317,1134.367524
5.0,507,1136.101058
4.0,366,1137.489196
1.0,174,1138.100755
0.0,265,1139.029841
4.0,329,1140.158091
4.0,396,1141.52031
6.0,406,1142.923474
0.0,161,1143.48743
1.0,228,1144.287449
5.0,407,1145.687836
2.0,223,1146.462844
2.0,290,1147.47404
2.0,280,1148.44522
0.0,168,1149.039288
1.0,204,1149.742419
3.0,344,1150.932857
3.0,312,1152.006098
4.0,277,1152.969316
1.0,243,1153.814506
0.0,180,1154.445648
2.0,246,1155.291838
3.0,278,1156.249054
3.0,267,1157.162259
2.0,281,1158.146481
1.0,272,1159.149707
3.0,296,1160.178939
1.0,245,1161.020128
6.0,508,1162.76353
5.0,337,1163.925782
3.0,315,1165.02503
0.0,443,1166.544378
4.0,369,1167.829667
4.0,358,1169.064955
4.0,325,1170.202202
0.0,176,1170.81734
3.0,268,1171.876579
5.0,400,1173.25456
2.0,232,1174.060686
1.0,220,1174.818628
0.0,158,1175.369876
5.0,453,1176.920044
0.0,289,1177.930281
0.0,168,1178.52124
0.0,208,1179.251222
1.0,373,1180.533493
0.0,179,1181.160961
4.0,405,1182.566278
4.0,319,1183.677529
0.0,208,1184.39769
3.0,340,1185.580959
2.0,370,1186.878249
0.0,222,1187.666426
3.0,367,1188.938723
0.0,257,1189.834914
0.0,296,1190.865147
2.0,278,1191.838366
0.0,265,1192.754572
2.0,309,1193.842816
2.0,264,1194.765024
5.0,395,1196.138333
3.0,249,1197.009529
1.0,204,1197.732708
0.0,172,1198.337844
2.0,248,1199.198043
2.0,310,1200.27429
2.0,344,1201.451545
0.0,290,1202.44577
9.0,761,1205.037802
1.0,209,1205.760896
0.0,210,1206.489031
0.0,157,1207.027052
3.0,361,1208.270225
7.0,573,1210.231052
1.0,425,1211.693381
8.0,490,1213.359756
4.0,406,1214.746067
1.0,196,1215.420767
0.0,236,1216.237951
4.0,499,1217.935334
4.0,405,1219.325646
2.0,260,1220.211846
4.0,275,1221.150057
1.0,377,1222.438347
1.0,156,1222.980469
0.0,242,1223.805655
3.0,274,1224.746866
2.0,233,1225.550048
1.0,171,1226.144181
1.0,192,1226.819333
3.0,274,1227.774824
3.0,286,1228.757046
4.0,348,1229.968318
7.0,318,1231.071568
0.0,294,1232.095768
1.0,184,1232.740866
0.0,137,1233.217975
3.0,279,1234.172476
0.0,148,1234.680593
7.0,519,1236.442783
6.0,451,1237.977129
6.0,527,1239.776535
1.0,215,1240.520701
0.0,184,1241.158845
6.0,491,1242.841226
11.0,343,1244.033492
7.0,259,1244.931696
0.0,217,1245.687157
0.0,210,1246.418322
6.0,430,1247.885653
1.0,171,1248.483786
0.0,126,1248.925887
0.0,137,1249.410997
1.0,689,1251.786066
0.0,141,1252.282194
0.0,234,1253.105681
4.0,262,1254.018888
0.0,258,1254.928092
2.0,252,1255.798288
6.0,425,1257.271619
0.0,247,1258.133814
1.0,228,1258.931993
2.0,256,1259.828195
4.0,437,1261.327532
3.0,274,1262.280747
6.0,441,1263.811747
0.0,280,1264.779965
0.0,436,1266.273301
0.0,292,1267.28253
2.0,278,1268.252746
0.0,411,1269.673288
1.0,703,1272.097003
2.0,328,1273.24726
0.0,160,1273.814388
0.0,176,1274.431527
0.0,208,1275.152691
0.0,228,1275.943867
0.0,173,1276.543002
2.0,247,1277.400195
10.0,534,1279.24261
0.0,183,1279.878752
1.0,244,1280.717943
0.0,191,1281.394094
3.0,372,1282.682384
9.0,417,1284.110706
9.0,416,1285.545028
1.0,180,1286.181172
0.0,188,1286.83732
1.0,235,1287.665011
1.0,228,1288.46119
0.0,204,1289.158347
4.0,529,1290.97748
0.0,175,1291.592741
1.0,256,1292.47794
6.0,462,1294.085302
5.0,372,1295.359589
0.0,218,1296.113759
9.0,464,1297.709119
10.0,540,1299.559536
0.0,148,1300.072651
5.0,415,1301.488969
1.0,214,1302.232137
0.0,307,1303.283373
10.0,646,1305.503873
0.0,210,1306.234037
2.0,312,1307.31328
2.0,219,1308.077462
1.0,217,1308.840624
7.0,491,1310.671706
1.0,261,1311.576908
3.0,460,1313.146261
1.0,284,1314.126481
1.0,196,1314.800633
0.0,196,1315.476786
4.0,314,1316.561309
1.0,226,1317.357591
6.0,409,1318.780911
0.0,199,1319.479069
2.0,537,1321.323483
1.0,159,1321.874608
1.0,160,1322.432733
4.0,345,1323.633005
0.0,228,1324.430183
2.0,343,1325.653459
0.0,151,1326.231589
3.0,230,1327.050783
9.0,654,1329.314282
6.0,407,1330.730601
2.0,220,1331.495774
2.0,266,1332.421983
1.0,267,1333.34319
4.0,309,1334.433436
0.0,156,1334.982558
0.0,244,1335.838751
3.0,307,1336.89799
2.0,246,1337.751182
0.0,175,1338.36132
0.0,236,1339.192507
0.0,156,1339.748632
5.0,404,1341.147947
0.0,260,1342.065153
0.0,188,1342.734304
1.0,329,1343.86956
1.0,211,1344.615728
0.0,148,1345.134193
0.0,276,1346.10041
2.0,388,1347.434736
4.0,318,1348.538977
3.0,334,1349.718064
1.0,208,1350.446065
0.0,156,1351.001404
0.0,280,1351.979953
13.0,1634,1357.57286
7.0,318,1358.67912
3.0,261,1359.587529
0.0,259,1360.487731
0.0,244,1361.336924
0.0,260,1362.240128
16.0,410,1363.641441
1.0,277,1364.586656
2.0,256,1365.454851
0.0,198,1366.143021
0.0,239,1366.963598
1.0,277,1367.912813
5.0,407,1369.289973
2.0,262,1370.189175
9.0,455,1371.740366
3.0,383,1373.04666
0.0,304,1374.086894
2.0,456,1375.628242
5.0,322,1376.727489
4.0,501,1378.434101
1.0,289,1379.434325
0.0,152,1379.956442
4.0,332,1381.091698
1.0,228,1381.871873
0.0,220,1382.625043
1.0,232,1383.422222
2.0,450,1384.949566
0.0,278,1385.905782
1.0,217,1386.649949
9.0,471,1388.249309
0.0,248,1389.1015
0.0,148,1389.615616
1.0,332,1390.748509
1.0,480,1392.373494
0.0,236,1393.178726
0.0,231,1393.980905
1.0,261,1394.889111
2.0,644,1397.128615
0.0,308,1398.191855
0.0,396,1399.549158
1.0,273,1400.502374
0.0,294,1401.525605
2.0,417,1402.962928
3.0,380,1404.276224
5.0,341,1405.462491
1.0,301,1406.464692
5.0,453,1407.993037
3.0,325,1409.082282
4.0,409,1410.49379
2.0,234,1411.313476
1.0,169,1411.902534
3.0,312,1412.959676
0.0,248,1413.796507
0.0,460,1415.326815
2.0,391,1416.650587
2.0,201,1417.344742
2.0,274,1418.275953
3.0,246,1419.118142
0.0,300,1420.145373
0.0,320,1421.227618
1.0,235,1422.040801
1.0,237,1422.873988
7.0,488,1424.558368
6.0,576,1426.547816
0.0,296,1427.573046
1.0,200,1428.273203
7.0,300,1429.31844
2.0,392,1430.671744
0.0,200,1431.370901
0.0,177,1431.98404
0.0,183,1432.619183
0.0,157,1433.173306
0.0,227,1433.959484
5.0,386,1435.288784
2.0,262,1436.202989
0.0,264,1437.115195
0.0,133,1437.5843
3.0,339,1438.75788
3.0,335,1439.897135
0.0,301,1440.932368
0.0,173,1441.536505
3.0,304,1442.587741
5.0,558,1444.502031
0.0,305,1445.558434
0.0,248,1446.419619
0.0,188,1447.074938
0.0,276,1448.029151
0.0,405,1449.418465
6.0,432,1450.901799
3.0,405,1452.297123
1.0,314,1453.380358
3.0,684,1455.708881
1.0,180,1456.331021
4.0,298,1457.363253
8.0,605,1459.418717
0.0,353,1460.62999
0.0,324,1461.74624
3.0,314,1462.844488
0.0,198,1463.533643
7.0,464,1465.121
2.0,566,1467.063438
6.0,480,1468.720811
5.0,340,1469.888074
2.0,416,1471.326629
0.0,242,1472.163846
0.0,232,1472.973104
0.0,188,1473.621618
7.0,320,1474.734905
1.0,189,1475.387707
0.0,191,1476.047326
3.0,412,1477.46841
1.0,220,1478.241585
3.0,250,1479.10964
0.0,160,1479.675767
7.0,658,1481.944005
0.0,169,1482.537139
1.0,191,1483.198123
0.0,212,1483.92935
2.0,297,1484.952392
3.0,262,1485.855597
0.0,254,1486.741827
0.0,183,1487.385404
0.0,276,1488.345957
7.0,649,1490.580475
5.0,479,1492.238849
0.0,232,1493.047031
2.0,236,1493.873216
1.0,285,1494.86344
1.0,172,1495.474576
0.0,171,1496.07071
1.0,412,1497.493031
1.0,336,1498.656293
3.0,304,1499.70953
0.0,220,1500.482705
5.0,316,1501.585952
1.0,644,1503.816089
0.0,217,1504.581261
0.0,155,1505.127384
0.0,208,1505.857549
7.0,374,1507.154747
1.0,227,1507.947925
2.0,355,1509.184204
3.0,271,1510.124416
3.0,418,1511.576743
6.0,687,1513.954278
0.0,192,1514.63043
1.0,327,1515.758647
0.0,218,1516.517633
3.0,239,1517.34582
3.0,296,1518.387898
2.0,589,1520.416181
0.0,195,1521.096331
3.0,214,1521.842766
0.0,199,1522.525919
4.0,561,1524.451024
7.0,402,1525.842274
0.0,256,1526.728138
5.0,352,1527.956263
7.0,596,1529.995535
4.0,378,1531.301622
0.0,211,1532.037788
6.0,463,1533.639121
3.0,261,1534.551326
1.0,463,1536.151687
8.0,473,1537.786054
4.0,897,1540.851745
7.0,354,1542.069019
1.0,275,1543.010795
11.0,551,1544.912326
0.0,147,1545.423441
0.0,151,1545.947558
0.0,149,1546.44655
3.0,217,1547.135705
3.0,2433,1554.446407
0.0,182,1555.006955
1.0,205,1555.635939
1.0,344,1556.727274
4.0,331,1557.796515
7.0,307,1558.754546
0.0,173,1559.285832
11.0,372,1560.470871
12.0,400,1561.731387
3.0,285,1562.605478
1.0,294,1563.534795
8.0,963,1566.623599
2.0,291,1567.562852
1.0,238,1568.344491
0.0,130,1568.748582
9.0,739,1571.065018
0.0,243,1571.836192
1.0,232,1572.573973
5.0,312,1573.601333
4.0,287,1574.515539
5.0,345,1575.634059
1.0,247,1576.398675
0.0,173,1576.965375
0.0,184,1577.52611
4.0,339,1578.665925
0.0,153,1579.18104
2.0,264,1580.024562
1.0,180,1580.621044
1.0,214,1581.316201
1.0,254,1582.128384
1.0,209,1582.806798
2.0,827,1585.460411
1.0,225,1586.186123
1.0,291,1587.129336
0.0,212,1587.806488
4.0,346,1588.905725
0.0,242,1589.654518
3.0,625,1591.553547
3.0,239,1592.289518
0.0,212,1592.939917
1.0,203,1593.605865
7.0,421,1594.970172
2.0,292,1595.931645
4.0,310,1596.88583
7.0,381,1598.107317
3.0,317,1599.131798
2.0,300,1600.088889
1.0,363,1601.211588
5.0,308,1602.218831
0.0,277,1603.12613
6.0,439,1604.527715
0.0,357,1605.711982
2.0,241,1606.508
0.0,127,1606.943099
0.0,213,1607.628253
3.0,480,1609.164636
0.0,154,1609.664749
6.0,505,1611.258898
1.0,217,1611.920091
0.0,224,1612.646886
2.0,221,1613.385213
1.0,193,1614.003353
0.0,233,1614.766525
7.0,434,1616.097857
0.0,222,1616.765818
1.0,240,1617.498796
3.0,306,1618.449358
2.0,422,1619.81506
1.0,268,1620.689371
1.0,221,1621.414532
2.0,287,1622.346596
0.0,352,1623.432664
1.0,344,1624.53487
3.0,332,1625.581335
1.0,312,1626.60427
0.0,204,1627.277421
1.0,289,1628.22171
0.0,259,1629.043587
2.0,258,1629.848892
0.0,146,1630.324999
1.0,345,1631.407243
4.0,363,1632.552798
0.0,224,1633.284534
2.0,389,1634.545567
7.0,487,1636.087899
2.0,654,1638.135528
5.0,458,1639.578808
4.0,480,1641.152647
4.0,555,1642.84499
2.0,335,1643.876584
0.0,166,1644.392243
0.0,403,1645.626884
4.0,553,1647.362098
0.0,460,1648.760418
0.0,236,1649.498297
0.0,164,1650.018697
3.0,386,1651.19739
0.0,218,1651.883157
3.0,261,1652.682919
4.0,331,1653.709508
0.0,304,1654.653944
0.0,257,1655.44444
2.0,319,1656.436805
1.0,360,1657.529269
0.0,228,1658.216814
1.0,361,1659.350723
4.0,384,1660.534984
1.0,231,1661.240265
0.0,212,1661.896061
0.0,268,1662.710098
4.0,321,1663.697634
3.0,321,1664.692554
0.0,298,1665.617131
5.0,428,1666.964358
0.0,217,1667.684518
4.0,407,1668.984811
3.0,520,1670.635227
4.0,362,1671.792593
0.0,174,1672.365721
7.0,539,1674.140318
3.0,348,1675.201082
9.0,443,1676.567088
4.0,337,1677.608716
0.0,305,1678.550601
4.0,540,1680.192291
6.0,742,1682.473009
6.0,405,1683.731463
4.0,266,1684.549702
6.0,441,1685.897831
0.0,230,1686.611466
0.0,196,1687.20988
6.0,441,1688.55371
0.0,155,1689.038126
0.0,228,1689.735923
0.0,160,1690.220331
0.0,197,1690.818351
4.0,276,1691.677774
0.0,215,1692.334068
6.0,465,1693.740411
1.0,279,1694.600637
0.0,204,1695.228501
0.0,220,1695.912507
0.0,200,1696.537548
8.0,514,1698.101583
5.0,402,1699.346544
4.0,688,1701.430467
0.0,165,1701.955065
2.0,358,1703.040337
3.0,442,1704.378668
2.0,275,1705.228574
0.0,229,1705.931737
2.0,303,1706.86987
1.0,333,1707.903354
2.0,726,1710.10303
0.0,349,1711.183089
0.0,244,1711.91761
0.0,256,1712.713413
2.0,506,1714.252263
0.0,187,1714.827937
0.0,243,1715.603405
7.0,264,1716.401097
0.0,248,1717.180956
0.0,228,1717.891277
0.0,169,1718.395388
5.0,375,1719.551705
3.0,286,1720.411137
1.0,242,1721.161197
7.0,388,1722.348767
7.0,263,1723.176957
0.0,393,1724.380162
0.0,227,1725.0677
0.0,337,1726.099018
3.0,348,1727.161598
1.0,282,1728.021021
2.0,291,1728.911803
0.0,175,1729.458617
1.0,256,1730.265971
0.0,300,1731.186256
4.0,578,1733.053087
0.0,175,1733.671226
0.0,281,1734.609437
4.0,566,1736.454028
0.0,366,1737.588679
7.0,289,1738.520077
2.0,353,1739.670718
5.0,659,1741.786633
1.0,345,1742.850599
1.0,400,1744.132682
3.0,796,1746.602366
7.0,364,1747.710734
0.0,372,1748.837657
1.0,712,1750.980966
0.0,308,1751.909968
0.0,356,1752.977932
2.0,348,1754.051734
0.0,341,1755.082874
0.0,283,1755.942546
1.0,320,1756.912039
0.0,604,1758.736695
0.0,385,1759.897996
1.0,567,1761.623426
0.0,531,1763.224259
2.0,289,1764.103796
0.0,304,1765.029315
0.0,595,1766.821897
4.0,537,1768.436068
0.0,316,1769.391929
7.0,585,1771.149139
0.0,347,1772.197083
2.0,1072,1775.408163
0.0,337,1776.425
12.0,539,1778.054298
2.0,692,1780.132082
0.0,516,1781.693127
2.0,480,1783.147573
0.0,680,1785.183477
0.0,695,1787.2708
0.0,349,1788.332039
2.0,692,1790.415583
0.0,636,1792.328984
0.0,304,1793.253966
1.0,312,1794.204591
2.0,417,1795.45829
1.0,221,1796.134443
2.0,443,1797.474899
5.0,1247,1801.212004
2.0,519,1802.771823
2.0,369,1803.885986
1.0,241,1804.622193
4.0,442,1805.957855
0.0,513,1807.515793
1.0,288,1808.386691
0.0,245,1809.12797
0.0,456,1810.517045
3.0,281,1811.442049
4.0,481,1812.914934
11.0,378,1814.063764
5.0,456,1815.444004
1.0,471,1816.879264
2.0,464,1818.304423
0.0,194,1818.903999
0.0,258,1819.684458
0.0,304,1820.614728
4.0,352,1821.6846
1.0,248,1822.451559
1.0,334,1823.468917
0.0,212,1824.121183
4.0,370,1825.241105
4.0,322,1826.22107
0.0,266,1827.034219
0.0,148,1827.488028
4.0,349,1828.551448
13.0,964,1831.506539
2.0,255,1832.29991
6.0,561,1834.013487
0.0,387,1835.191359
2.0,270,1836.0108
4.0,287,1836.894808
1.0,316,1837.852146
5.0,334,1838.872018
1.0,245,1839.627072
2.0,264,1840.422904
3.0,304,1841.360785
4.0,440,1842.693023
1.0,304,1843.629696
2.0,222,1844.314613
1.0,219,1844.971503
1.0,522,1846.550278
6.0,639,1848.496309
0.0,363,1849.60593
0.0,411,1850.859883
0.0,149,1851.328654
0.0,267,1852.164108
4.0,284,1853.030127
6.0,347,1854.071662
1.0,329,1855.087142
0.0,296,1856.023565
7.0,511,1857.581834
0.0,214,1858.228749
0.0,260,1859.028134
5.0,510,1860.565297
0.0,246,1861.311863
0.0,331,1862.31184
0.0,447,1863.665653
8.0,329,1864.671836
2.0,332,1865.691696
2.0,287,1866.559366
0.0,357,1867.627588
0.0,376,1868.779
2.0,456,1870.159642
4.0,447,1871.494857
2.0,249,1872.267091
5.0,483,1873.710202
1.0,197,1874.325972
0.0,196,1874.927665
3.0,429,1876.219908
7.0,375,1877.356779
0.0,306,1878.28634
1.0,811,1880.747117
1.0,523,1882.310354
0.0,268,1883.144613
0.0,360,1884.226721
0.0,384,1885.393086
1.0,264,1886.195549
0.0,516,1887.76134
1.0,712,1889.905095
11.0,655,1891.878285
0.0,193,1892.47623
1.0,222,1893.155411
1.0,254,1893.930189
0.0,344,1894.972865
10.0,604,1896.793619
1.0,240,1897.524798
6.0,411,1898.773685
1.0,266,1899.593592
2.0,273,1900.425325
1.0,345,1901.479072
6.0,562,1903.181207
2.0,359,1904.273541
2.0,254,1905.046719
0.0,640,1906.97579
0.0,298,1907.895161
4.0,366,1908.99443
0.0,278,1909.849695
1.0,274,1910.676336
0.0,190,1911.265514
0.0,186,1911.833581
2.0,334,1912.850234
1.0,325,1913.84207
0.0,367,1914.953791
0.0,214,1915.593903
1.0,234,1916.310956
3.0,411,1917.558001
0.0,484,1919.008808
1.0,389,1920.192556
3.0,288,1921.071984
1.0,248,1921.823698
4.0,565,1923.524972
1.0,351,1924.592957
0.0,204,1925.209624
3.0,399,1926.424057
0.0,269,1927.245418
0.0,187,1927.809085
7.0,305,1928.745569
0.0,656,1930.709879
7.0,280,1931.575573
2.0,360,1932.675782
3.0,365,1933.784823
1.0,592,1935.574359
0.0,375,1936.708352
4.0,467,1938.109994
1.0,811,1940.575056
0.0,260,1941.364254
1.0,374,1942.494382
0.0,196,1943.093771
6.0,1567,1947.805411
2.0,244,1948.575576
0.0,253,1949.371802
0.0,242,1950.258001
0.0,271,1951.18921
1.0,275,1952.073283
4.0,392,1953.309705
0.0,193,1953.951653
0.0,291,1954.851841
2.0,301,1955.769078
1.0,175,1956.312012
2.0,398,1957.533455
1.0,202,1958.184849
0.0,252,1958.976321
1.0,225,1959.698484
0.0,147,1960.188362
1.0,218,1960.877667
1.0,229,1961.60203
0.0,146,1962.080957
6.0,523,1963.703225
2.0,198,1964.31061
0.0,133,1964.711737
2.0,221,1965.398011
0.0,239,1966.135427
0.0,229,1966.849047
0.0,204,1967.466346
4.0,490,1968.945488
2.0,228,1969.648659
2.0,254,1970.429971
2.0,230,1971.133134
3.0,241,1971.867558
2.0,1590,1976.666905
0.0,262,1977.456642
2.0,198,1978.066088
0.0,187,1978.644211
0.0,140,1979.066125
4.0,460,1980.456833
0.0,216,1981.128754
0.0,211,1981.769432
1.0,369,1982.893206
0.0,364,1984.002532
1.0,312,1984.955721
0.0,168,1985.471391
2.0,383,1986.627708
0.0,209,1987.268509
0.0,408,1988.502833
0.0,600,1990.330769
5.0,1113,1993.69036
0.0,295,1994.581044
6.0,826,1997.081221
1.0,546,1998.737581
2.0,332,1999.737638
7.0,361,2000.847097
3.0,337,2001.86279
0.0,290,2002.753465
2.0,368,2003.862914
0.0,280,2004.722347
0.0,220,2005.394266
0.0,272,2006.222447
3.0,376,2007.378784
5.0,668,2009.41016
3.0,351,2010.472732
0.0,237,2011.191539
0.0,256,2011.972833
4.0,328,2012.973465
0.0,284,2013.832896
0.0,258,2014.630017
1.0,346,2015.677388
4.0,420,2016.943097
0.0,331,2017.95879
3.0,597,2019.755795
1.0,385,2020.927748
2.0,273,2021.755929
3.0,288,2022.630979
0.0,395,2023.834184
0.0,265,2024.650615
0.0,284,2025.510046
5.0,534,2027.135155
2.0,500,2028.64422
1.0,294,2029.550521
1.0,278,2030.394328
0.0,372,2031.529696
1.0,304,2032.451547
11.0,868,2035.076722
3.0,384,2036.248685
5.0,636,2038.160224
1.0,304,2039.097787
2.0,580,2040.848078
5.0,428,2042.145039
1.0,820,2044.629581
2.0,940,2047.457895
3.0,336,2048.489204
1.0,584,2050.254957
1.0,376,2051.395648
2.0,232,2052.09882
0.0,484,2053.567681
1.0,248,2054.333354
5.0,548,2055.989873
1.0,680,2058.036727
0.0,354,2059.111993
0.0,266,2059.925858
1.0,372,2061.066568
1.0,480,2062.507961
1.0,855,2065.086258
0.0,257,2065.867561
1.0,216,2066.539471
0.0,260,2067.336411
3.0,896,2070.034696
0.0,265,2070.847241
2.0,289,2071.723047
2.0,477,2073.176269
1.0,341,2074.207588
3.0,282,2075.067021
0.0,270,2075.895201
0.0,360,2076.989024
2.0,434,2078.301612
0.0,213,2078.957916
0.0,297,2079.864216
0.0,164,2080.356871
0.0,328,2081.356939
0.0,340,2082.388257
0.0,228,2083.088003
2.0,242,2083.822427
0.0,530,2085.43191
0.0,488,2086.916375
3.0,393,2088.103954
11.0,575,2089.846367
4.0,380,2091.002705
1.0,220,2091.674624
11.0,601,2093.487236
4.0,504,2095.018587
0.0,320,2096.003029
1.0,339,2097.034348
0.0,364,2098.128171
11.0,461,2099.533474
1.0,243,2100.283514
3.0,242,2101.017954
4.0,388,2102.189892
3.0,474,2103.643123
11.0,401,2104.846319
0.0,263,2105.658883
7.0,392,2106.851057
4.0,350,2107.898002
0.0,318,2108.873016
0.0,548,2110.529377
0.0,484,2111.998217
1.0,376,2113.138917
11.0,299,2114.045238
3.0,691,2116.139127
2.0,266,2116.951672
0.0,231,2117.654854
0.0,150,2118.123627
3.0,419,2119.392388
0.0,288,2120.283072
0.0,198,2120.876872
0.0,383,2122.048815
3.0,261,2122.845744
11.0,591,2124.627113
0.0,479,2126.080335
0.0,513,2127.627313
11.0,521,2129.222332
0.0,402,2130.439097
0.0,792,2132.829883
1.0,1985,2138.799107
0.0,711,2140.955426
1.0,708,2143.096194
0.0,288,2143.971264
4.0,578,2145.72137
1.0,684,2147.784018
1.0,234,2148.502816
1.0,211,2149.157008
1.0,178,2149.704483
2.0,338,2150.720176
11.0,271,2151.548356
1.0,614,2153.406193
2.0,863,2156.009345
1.0,245,2156.759386
1.0,177,2157.306298
0.0,180,2157.853208
2.0,1420,2162.141746
0.0,196,2162.751281
3.0,222,2163.423082
1.0,223,2164.110629
1.0,192,2164.688793
4.0,280,2165.548225
0.0,151,2166.023389
1.0,204,2166.64844
1.0,223,2167.335977
2.0,632,2169.242355
0.0,201,2169.867406
2.0,342,2170.898715
0.0,321,2171.883166
0.0,372,2173.008232
1.0,196,2173.602021
0.0,149,2174.070812
1.0,200,2174.680227
3.0,269,2175.503143
0.0,290,2176.378192
4.0,294,2177.284513
0.0,163,2177.786532
0.0,332,2178.786598
0.0,220,2179.454034
0.0,230,2180.157206
2.0,273,2180.985396
0.0,260,2181.782314
2.0,278,2182.626131
0.0,278,2183.485553
0.0,292,2184.376238
0.0,233,2185.095036
0.0,219,2185.766955
0.0,281,2186.610771
0.0,153,2187.079544
2.0,517,2188.657775
0.0,216,2189.314069
3.0,279,2190.171665
0.0,658,2192.156162
4.0,271,2192.999979
0.0,245,2193.750029
0.0,469,2195.171989
0.0,267,2195.984555
3.0,404,2197.21901
2.0,240,2197.953434
1.0,237,2198.672233
7.0,535,2200.292911
1.0,273,2201.121092
0.0,428,2202.430265
1.0,543,2204.070989
1.0,276,2204.914794
0.0,452,2206.289896
0.0,648,2208.258767
1.0,396,2209.450996
5.0,508,2210.999722
3.0,334,2212.015415
0.0,370,2213.141087
1.0,248,2213.906763
1.0,291,2214.781832
2.0,822,2217.266361
0.0,579,2219.01648
0.0,313,2219.969678
2.0,1882,2225.647012
2.0,494,2227.138709
1.0,437,2228.467005
2.0,871,2231.092098
0.0,365,2232.201812
0.0,614,2234.061047
1.0,2240,2240.810572
0.0,922,2243.592008
5.0,805,2246.07655
1.0,379,2247.215128
1.0,1410,2251.480559
7.0,348,2252.527493
7.0,493,2254.027602
3.0,339,2255.058913
4.0,401,2256.277755
7.0,407,2257.527827
0.0,237,2258.246625
1.0,387,2259.418588
0.0,147,2259.871733
4.0,385,2261.059879
3.0,401,2262.278719
0.0,297,2263.185021
0.0,266,2263.997576
0.0,212,2264.638252
4.0,333,2265.653936
1.0,295,2266.560248
0.0,177,2267.122794
0.0,199,2267.747826
0.0,168,2268.278699
0.0,202,2268.903741
0.0,178,2269.450654
0.0,200,2270.059578
0.0,198,2270.669003
3.0,277,2271.5128
0.0,184,2272.075449
7.0,278,2272.919154
7.0,287,2273.794203
0.0,184,2274.356741
0.0,129,2274.763019
1.0,240,2275.495196
3.0,226,2276.182733
0.0,229,2276.885904
1.0,274,2277.729711
2.0,475,2279.167307
11.0,428,2280.464268
7.0,287,2281.3535
1.0,292,2282.244184
4.0,351,2283.306745
2.0,311,2284.244308
3.0,365,2285.369383
5.0,482,2286.822615
1.0,276,2287.666412
9.0,583,2289.432165
2.0,509,2290.979134
0.0,182,2291.541671
0.0,322,2292.510486
3.0,270,2293.338708
3.0,227,2294.033057
0.0,204,2294.658109
2.0,550,2296.332724
9.0,1293,2300.22876
1.0,647,2302.182085
5.0,508,2303.713368
2.0,324,2304.697809
0.0,244,2305.44786
2.0,320,2306.416675
7.0,998,2309.420533
1.0,195,2310.014262
0.0,650,2311.99104
1.0,178,2312.537951
2.0,319,2313.506766
3.0,449,2314.86936
0.0,158,2315.353778
0.0,195,2315.947559
0.0,230,2316.65073
2.0,222,2317.338285
3.0,280,2318.182091
0.0,342,2319.229028
4.0,310,2320.182216
11.0,347,2321.229162
0.0,319,2322.197986
5.0,649,2324.166867
8.0,599,2325.979183
1.0,832,2328.494978
1.0,356,2329.573175
5.0,420,2330.851383
8.0,628,2332.757751
4.0,754,2335.039158
4.0,351,2336.101735
0.0,306,2337.023672
2.0,225,2337.726834
0.0,158,2338.211241
0.0,195,2338.80504
0.0,151,2339.273813
0.0,177,2339.820724
5.0,422,2341.089037
0.0,185,2341.674039
4.0,340,2342.705368
2.0,293,2343.596052
0.0,189,2344.174206
1.0,318,2345.143022
1.0,180,2345.705569
1.0,872,2348.346361
0.0,224,2349.033916
0.0,152,2349.502688
0.0,184,2350.065226
0.0,192,2350.659025
1.0,620,2352.534141
0.0,208,2353.159183
0.0,126,2353.549957
7.0,283,2354.409858
0.0,219,2355.081777
3.0,295,2355.988097
2.0,362,2357.081911
1.0,195,2357.691326
0.0,309,2358.62889
2.0,423,2359.910226
2.0,376,2361.05171
2.0,362,2362.145522
3.0,245,2362.895674
1.0,297,2363.801884
3.0,247,2364.567569
2.0,261,2365.364488
1.0,212,2366.020783
0.0,300,2366.927093
0.0,137,2367.348996
2.0,385,2368.520949
2.0,182,2369.083496
1.0,626,2370.974248
0.0,327,2371.965508
0.0,156,2372.449916
3.0,225,2373.139072
3.0,323,2374.123514
3.0,369,2375.232963
3.0,300,2376.1549
1.0,347,2377.201844
0.0,143,2377.655
3.0,232,2378.358172
1.0,309,2379.295737
2.0,445,2380.65521
2.0,278,2381.499007
2.0,394,2382.702214
1.0,262,2383.499141
0.0,326,2384.483592
5.0,503,2386.014935
0.0,236,2386.733732
2.0,428,2388.025271
1.0,229,2388.737787
3.0,285,2389.612844
1.0,266,2390.4254
6.0,534,2392.03222
1.0,271,2392.8604
4.0,484,2394.329258
4.0,330,2395.344942
0.0,169,2395.8606
2.0,296,2396.766911
0.0,287,2397.626355
5.0,509,2399.173332
0.0,579,2400.923449
0.0,348,2401.982658
3.0,303,2402.91119
0.0,505,2404.442543
0.0,264,2405.23948
2.0,226,2405.927026
3.0,261,2406.723954
0.0,161,2407.21852
2.0,240,2407.952944
2.0,252,2408.734246
4.0,332,2409.74994
4.0,458,2411.140657
9.0,700,2413.250173
1.0,202,2413.875225
3.0,273,2414.703396
0.0,215,2415.359689
3.0,236,2416.078498
1.0,521,2417.656729
0.0,183,2418.219256
1.0,200,2418.844308
1.0,314,2419.781861
0.0,235,2420.500659
2.0,355,2421.588373
7.0,511,2423.129985
3.0,352,2424.208182
0.0,416,2425.473901
3.0,377,2426.614615
3.0,256,2427.395905
0.0,273,2428.224075
5.0,680,2430.271088
3.0,586,2432.052466
3.0,449,2433.418269
0.0,368,2434.527719
0.0,273,2435.368923
1.0,239,2436.087723
4.0,332,2437.103405
0.0,235,2437.822203
2.0,263,2438.634767
3.0,292,2439.525451
0.0,267,2440.338006
0.0,495,2441.838105
3.0,320,2442.806911
2.0,198,2443.416459
0.0,215,2444.072621
0.0,466,2445.49459
0.0,409,2446.744675
0.0,392,2447.932254
3.0,525,2449.528711
0.0,219,2450.200631
0.0,234,2450.903803
3.0,276,2451.74761
0.0,152,2452.219001
2.0,1976,2458.180731
2.0,731,2460.384012
7.0,251,2461.165314
0.0,1120,2464.549155
4.0,749,2466.799307
0.0,292,2467.690032
0.0,722,2469.877637
0.0,152,2470.346418
1.0,937,2473.172468
1.0,218,2473.844378
6.0,541,2475.485112
2.0,320,2476.453927
0.0,413,2477.704022
2.0,198,2478.313427
2.0,319,2479.313504
0.0,483,2480.767305
2.0,311,2481.723599
5.0,477,2483.161607
1.0,272,2484.005414
1.0,180,2484.552326
2.0,364,2485.677411
1.0,356,2486.755598
6.0,444,2488.115064
0.0,496,2489.615165
1.0,445,2490.959005
2.0,303,2491.880941
2.0,368,2493.006016
0.0,572,2494.725552
3.0,360,2495.834991
1.0,206,2496.454047
0.0,247,2497.219723
7.0,295,2498.126043
0.0,348,2499.188604
0.0,408,2500.413597
1.0,448,2501.788688
2.0,217,2502.444992
0.0,499,2503.960709
1.0,276,2504.804525
0.0,412,2506.054599
0.0,260,2506.851528
1.0,408,2508.085985
1.0,323,2509.070425
0.0,597,2510.883047
4.0,901,2513.602756
4.0,437,2514.915344
5.0,1061,2518.118684
3.0,1339,2522.151117
3.0,425,2523.432452
4.0,518,2524.99509
0.0,500,2526.510826
4.0,308,2527.464015
0.0,203,2528.089057
0.0,611,2529.940163
0.0,513,2531.502768
3.0,363,2532.59659
6.0,686,2534.674855
1.0,260,2535.471774
3.0,570,2537.190639
5.0,576,2538.940756
1.0,269,2539.768936
1.0,191,2540.3471
0.0,221,2541.034656
0.0,305,2541.956582
0.0,343,2543.003527
1.0,520,2544.586871
11.0,425,2545.868216
2.0,262,2546.681468
1.0,481,2548.134808
2.0,287,2549.009758
2.0,184,2549.587913
2.0,1146,2553.041268
9.0,791,2555.434621
0.0,193,2556.012784
4.0,1588,2560.80999
0.0,155,2561.294449
1.0,184,2561.856925
1.0,263,2562.653853
3.0,313,2563.607052
0.0,181,2564.16958
4.0,399,2565.372785
2.0,306,2566.310348
1.0,186,2566.872896
0.0,128,2567.279163
4.0,299,2568.185473
1.0,159,2568.66988
7.0,488,2570.155985
0.0,266,2570.968539
3.0,297,2571.87485
0.0,215,2572.531154
2.0,274,2573.37496
0.0,246,2574.120645
0.0,160,2574.605052
4.0,308,2575.547534
4.0,296,2576.453844
3.0,248,2577.203904
1.0,256,2578.000832
0.0,148,2578.453986
5.0,862,2581.063527
0.0,318,2582.07922
0.0,270,2582.9074
1.0,202,2583.532442
7.0,272,2584.360632
0.0,216,2585.016917
3.0,257,2585.811179
0.0,237,2586.529987
1.0,272,2587.358167
1.0,260,2588.155095
0.0,163,2588.655119
2.0,553,2590.327236
3.0,309,2591.271874
1.0,629,2593.172825
2.0,2172,2599.720147
10.0,465,2601.126575
4.0,268,2601.95466
3.0,262,2602.75159
4.0,440,2604.079803
4.0,329,2605.08978
3.0,323,2606.07423
1.0,532,2607.683703
3.0,384,2608.84003
0.0,211,2609.496352
4.0,415,2610.746417
0.0,232,2611.465207
0.0,319,2612.43403
3.0,475,2613.871617
0.0,222,2614.559173
1.0,391,2615.747474
1.0,157,2616.231882
4.0,392,2617.41947
0.0,211,2618.068369
2.0,224,2618.755915
0.0,252,2619.521601
2.0,1120,2622.897062
2.0,780,2625.256605
1.0,232,2625.959777
2.0,356,2627.037964
1.0,183,2627.600502
3.0,420,2628.881847
4.0,314,2629.835036
0.0,221,2630.522582
3.0,761,2632.819601
0.0,171,2633.350896
0.0,243,2634.100936
3.0,328,2635.089965
1.0,200,2635.698333
1.0,431,2637.010928
5.0,440,2638.350358
2.0,453,2639.715009
3.0,263,2640.527552
1.0,227,2641.230726
0.0,138,2641.652628
1.0,1091,2644.949734
0.0,125,2645.340385
3.0,226,2646.027921
0.0,155,2646.512013
6.0,307,2647.449464
0.0,231,2648.152627
1.0,505,2649.68398
1.0,361,2650.777802
0.0,302,2651.699739
1.0,240,2652.434172
1.0,211,2653.074831
0.0,125,2653.465493
0.0,128,2653.871769
3.0,1107,2657.215743
1.0,229,2657.918916
5.0,431,2659.215908
7.0,309,2660.169065
1.0,156,2660.637837
9.0,532,2662.24732
4.0,495,2663.747489
0.0,151,2664.216201
0.0,353,2665.294399
1.0,406,2666.523292
3.0,222,2667.20146
1.0,320,2668.170274
0.0,213,2668.826569
0.0,208,2669.462872
3.0,523,2671.047384
1.0,530,2672.656867
1.0,153,2673.125659
1.0,259,2673.906951
0.0,287,2674.78201
0.0,172,2675.313296
3.0,260,2676.12585
3.0,489,2677.602251
0.0,539,2679.227369
0.0,697,2681.336875
0.0,862,2683.930799
1.0,225,2684.618345
0.0,904,2687.356251
2.0,459,2688.746969
4.0,782,2691.106502
2.0,513,2692.669107
0.0,470,2694.091087
0.0,300,2694.997388
4.0,313,2695.950576
2.0,524,2697.534656
0.0,1303,2701.456784
4.0,639,2703.394414
2.0,349,2704.457073
3.0,235,2705.175783
5.0,588,2706.941536
2.0,233,2707.660334
2.0,539,2709.301895
3.0,727,2711.489532
1.0,658,2713.489675
3.0,2130,2719.888484
1.0,262,2720.685403
2.0,394,2721.88915
1.0,305,2722.811077
1.0,161,2723.311111
5.0,720,2725.498757
0.0,140,2725.92066
2.0,257,2726.701971
0.0,259,2727.498674
11.0,305,2728.436246
0.0,207,2729.061288
0.0,392,2730.248858
5.0,970,2733.177943
3.0,682,2735.240581
0.0,433,2736.553161
0.0,407,2737.803242
7.0,280,2738.655626
3.0,359,2739.733823
1.0,238,2740.468247
5.0,517,2742.03086
2.0,2579,2749.796996
0.0,136,2750.218909
2.0,235,2750.937819
2.0,342,2751.969017
3.0,282,2752.828449
6.0,434,2754.156662
2.0,188,2754.734999
0.0,182,2755.297374
0.0,188,2755.875538
1.0,368,2757.000613
1.0,193,2757.596034
4.0,1563,2762.304035
5.0,827,2764.796803
0.0,169,2765.321985
0.0,192,2765.900012
0.0,228,2766.603194
11.0,370,2767.72826
2.0,214,2768.384553
0.0,213,2769.040956
5.0,366,2770.149071
0.0,150,2770.617852
5.0,502,2772.133569
1.0,163,2772.633604
6.0,438,2773.961815
0.0,339,2774.993134
0.0,275,2775.836963
2.0,359,2776.930774
0.0,168,2777.446434
2.0,191,2778.040213
0.0,129,2778.430864
6.0,571,2780.16596
3.0,274,2781.004932
4.0,308,2781.942495
1.0,197,2782.536284
1.0,186,2783.114491
3.0,292,2784.005124
0.0,257,2784.786426
0.0,207,2785.427104
3.0,276,2786.270912
3.0,548,2787.927271
3.0,273,2788.762317
3.0,280,2789.608685
0.0,151,2790.077467
0.0,159,2790.57751
1.0,175,2791.108795
7.0,388,2792.280739
0.0,177,2792.827661
0.0,304,2793.749597
3.0,426,2795.046549
2.0,418,2796.312258
2.0,248,2797.062309
0.0,151,2797.53109
0.0,153,2798.015507
2.0,220,2798.687428
0.0,316,2799.640617
0.0,316,2800.609998
2.0,258,2801.3913
1.0,166,2801.906959
1.0,536,2803.532068
0.0,260,2804.329006
7.0,521,2805.907237
3.0,367,2807.016685
1.0,151,2807.485468
0.0,143,2807.938613
0.0,196,2808.532403
4.0,347,2809.594984
0.0,165,2810.104395
3.0,286,2810.974927
0.0,153,2811.443717
7.0,2128,2817.855692
0.0,187,2818.418228
0.0,140,2818.855757
0.0,148,2819.30364
0.0,134,2819.725397
0.0,136,2820.146375
0.0,190,2820.724548
2.0,256,2821.505841
0.0,136,2821.927806
3.0,390,2823.115323
0.0,123,2823.505984
0.0,125,2823.896625
1.0,174,2824.42791
3.0,348,2825.491424
2.0,472,2826.929016
3.0,495,2828.428655
5.0,540,2830.069381
4.0,639,2831.991943
6.0,481,2833.460782
2.0,388,2834.632736
0.0,281,2835.492168
1.0,626,2837.382919
3.0,289,2838.257987
7.0,481,2839.7112
7.0,279,2840.570633
1.0,429,2841.867604
0.0,172,2842.39888
1.0,536,2844.023989
1.0,216,2844.680283
3.0,301,2845.586594
0.0,191,2846.180383
0.0,160,2846.6648
4.0,1170,2850.20187
5.0,706,2852.339583
0.0,441,2853.683432
0.0,299,2854.589744
1.0,1503,2859.109645
0.0,333,2860.125295
0.0,217,2860.797226
0.0,283,2861.668249
1.0,252,2862.433924
3.0,346,2863.486078
7.0,370,2864.611153
0.0,372,2865.751854
2.0,472,2867.173834
0.0,220,2867.845745
0.0,300,2868.752055
4.0,610,2870.59593
0.0,228,2871.2991
0.0,294,2872.196982
0.0,424,2873.478309
1.0,305,2874.400245
0.0,345,2875.467434
2.0,382,2876.623762
0.0,607,2878.452
0.0,265,2879.264564
0.0,592,2881.051484
1.0,1629,2885.953004
3.0,303,2886.875034
0.0,391,2888.06252
1.0,181,2888.625068
0.0,516,2890.187671
1.0,400,2891.406503
1.0,480,2892.86028
7.0,744,2895.126047
1.0,1070,2898.391901
7.0,393,2899.579471
1.0,1249,2903.345358
1.0,488,2904.823426
7.0,556,2906.516292
11.0,277,2907.385411
2.0,299,2908.342476
3.0,964,2911.264161
4.0,372,2912.381872
1.0,272,2913.221361
11.0,361,2914.315184
0.0,130,2914.721462
2.0,1161,2918.221696
2.0,224,2918.905836
4.0,541,2920.54657
0.0,210,2921.187239
1.0,441,2922.548306
0.0,148,2922.994609
0.0,228,2923.706465
0.0,136,2924.112743
4.0,318,2925.079951
11.0,958,2928.018663
0.0,184,2928.581201
11.0,290,2929.456349
8.0,436,2930.784476
7.0,537,2932.425209
2.0,220,2933.097164
12.0,354,2934.175335
7.0,330,2935.175402
1.0,176,2935.722304
2.0,243,2936.456728
0.0,142,2936.894258
4.0,270,2937.722438
1.0,224,2938.409993
0.0,402,2939.644441
1.0,256,2940.457006
0.0,124,2940.847656
0.0,293,2941.753958
0.0,267,2942.550895
1.0,179,2943.113434
3.0,721,2945.286022
0.0,153,2945.754794
1.0,367,2946.87987
1.0,270,2947.70806
0.0,575,2949.442542
1.0,231,2950.161348
0.0,192,2950.737094
1.0,225,2951.424705
0.0,257,2952.205945
1.0,310,2953.160728
1.0,169,2953.692004
1.0,199,2954.301558
2.0,179,2954.848886
1.0,318,2955.81769
7.0,251,2956.583376
0.0,140,2957.020897
0.0,281,2957.880328
2.0,982,2960.833652
1.0,316,2961.805419
1.0,321,2962.78986
2.0,208,2963.430537
4.0,315,2964.383716
1.0,337,2965.416666
0.0,165,2965.9167
1.0,185,2966.479237
4.0,310,2967.432435
2.0,296,2968.338736
0.0,432,2969.635698
0.0,212,2970.291992
0.0,284,2971.15103
0.0,132,2971.557306
1.0,236,2972.276105
1.0,200,2972.901147
0.0,222,2973.573077
1.0,180,2974.119988
1.0,830,2976.643317
0.0,206,2977.30332
0.0,218,2977.970729
0.0,168,2978.482545
2.0,206,2979.114537
2.0,1266,2982.952743
5.0,1264,2986.802368
4.0,1431,2991.115165
0.0,585,2992.880899
3.0,356,2993.974722
2.0,266,2994.787276
1.0,498,2996.287387
3.0,422,2997.5762
2.0,788,2999.950906
2.0,257,3000.747833
0.0,429,3002.044796
2.0,557,3003.740503
0.0,214,3004.381171
0.0,303,3005.328238
0.0,177,3005.863621
1.0,457,3007.269965
0.0,151,3007.72312
2.0,198,3008.332527
7.0,331,3009.34822
0.0,238,3010.067019
1.0,1188,3013.665757
0.0,324,3014.634581
0.0,201,3015.259614
0.0,249,3016.025291
1.0,210,3016.676787
1.0,234,3017.395586
0.0,140,3017.817498
7.0,328,3018.827784
1.0,208,3019.468451
1.0,229,3020.171615
1.0,980,3023.124946
0.0,219,3023.796856
1.0,256,3024.578159
0.0,544,3026.218893
11.0,293,3027.109579
1.0,1318,3031.109848
7.0,339,3032.141165
0.0,228,3032.844337
0.0,310,3033.797535
1.0,728,3036.012737
7.0,256,3036.800516
1.0,268,3037.61308
2.0,1093,3040.925793
0.0,283,3041.785224
1.0,221,3042.457145
0.0,311,3043.416131
1.0,274,3044.244312
0.0,258,3045.044929
0.0,884,3047.722122
0.0,130,3048.112774
0.0,585,3049.894142
0.0,649,3051.863033
0.0,176,3052.394309
2.0,299,3053.30062
5.0,574,3055.050746
2.0,667,3057.066506
2.0,296,3057.972807
2.0,372,3059.107074
0.0,344,3060.152731
2.0,220,3060.824668
0.0,368,3061.93413
0.0,308,3062.871654
0.0,123,3063.246678
0.0,265,3064.059233
2.0,264,3064.871788
0.0,248,3065.633386
2.0,252,3066.399063
1.0,193,3066.992843
1.0,293,3067.889133
0.0,198,3068.498547
1.0,280,3069.35798
0.0,157,3069.826762
0.0,191,3070.420552
1.0,228,3071.123733
2.0,385,3072.28006
0.0,188,3072.858225
0.0,195,3073.464487
4.0,276,3074.305987
7.0,321,3075.274801
2.0,210,3075.915478
2.0,278,3076.774901
0.0,299,3077.681212
0.0,185,3078.259376
1.0,886,3080.923956
4.0,419,3082.205282
1.0,426,3083.502253
11.0,692,3085.596143
0.0,641,3087.533772
1.0,345,3088.580708
4.0,919,3091.362145
5.0,618,3093.2369
4.0,479,3094.68287
5.0,938,3097.52681
0.0,1286,3101.400723
4.0,737,3103.635238
3.0,373,3104.775939
0.0,189,3105.349684
1.0,150,3105.80284
1.0,181,3106.381003
3.0,432,3107.693592
1.0,208,3108.334259
