#{"t_start": 1529850052.681094, "env_id": "Breakout-ramNoFrameskip-v4"}
r,l,t
0.0,135,2.359519
0.0,137,2.656415
3.0,259,3.172076
0.0,129,3.453342
1.0,188,3.828367
2.0,189,4.234644
1.0,161,4.562792
0.0,135,4.84406
1.0,190,5.234712
0.0,134,5.51598
1.0,174,5.875389
2.0,208,6.312908
2.0,239,6.797317
3.0,238,7.281723
4.0,282,7.875513
2.0,209,8.297417
6.0,410,9.141223
0.0,140,9.438117
1.0,153,9.750638
0.0,144,10.047533
0.0,135,10.34443
2.0,214,10.81321
0.0,136,11.094479
1.0,175,11.453879
0.0,135,11.750782
3.0,264,12.282058
2.0,219,12.735213
4.0,320,13.391508
1.0,182,13.766542
0.0,132,14.047811
2.0,199,14.454078
3.0,217,14.907233
0.0,137,15.188503
3.0,218,15.641668
0.0,128,15.90731
2.0,190,16.297962
2.0,197,16.70423
1.0,191,17.110517
0.0,151,17.423037
1.0,163,17.7668
3.0,234,18.251207
4.0,294,18.845007
1.0,175,19.220022
3.0,242,19.720066
1.0,206,20.141959
2.0,208,20.563864
1.0,169,20.907645
2.0,193,21.313922
2.0,237,21.79833
1.0,157,22.126512
1.0,175,22.485865
1.0,170,22.985899
0.0,150,23.517185
4.0,307,24.595381
0.0,134,25.064163
0.0,132,25.532945
0.0,125,25.986099
1.0,169,26.579899
2.0,219,27.345566
0.0,127,27.798721
0.0,130,28.267502
1.0,155,28.814415
2.0,230,29.611344
3.0,241,30.470774
3.0,237,31.298959
2.0,208,32.017753
1.0,159,32.580291
1.0,186,33.236585
3.0,292,34.252288
2.0,197,34.939824
2.0,201,35.642996
0.0,124,36.080534
3.0,253,36.97121
2.0,204,37.674382
0.0,153,38.236919
0.0,128,38.690085
2.0,194,39.393247
0.0,137,39.924532
1.0,174,40.580836
0.0,130,41.049608
1.0,187,41.721528
2.0,208,42.455952
0.0,131,42.940369
1.0,192,43.612279
0.0,134,44.096687
0.0,127,44.565596
0.0,150,45.096763
0.0,131,45.549908
0.0,127,46.003073
2.0,188,46.674984
0.0,144,47.190643
2.0,207,47.909441
1.0,191,48.581361
3.0,242,49.425168
0.0,135,49.909585
4.0,297,50.95653
3.0,239,51.784701
1.0,175,52.409742
1.0,159,52.97228
0.0,127,53.409809
1.0,176,54.034852
0.0,130,54.503632
0.0,144,55.003676
3.0,266,55.925613
2.0,234,56.753783
0.0,176,57.363199
3.0,243,58.207006
0.0,153,58.972681
1.0,166,59.566471
0.0,141,60.066505
0.0,133,60.535287
0.0,144,61.050946
2.0,224,61.832248
3.0,286,62.832325
0.0,126,63.285471
1.0,162,63.848018
3.0,266,64.785571
0.0,134,65.254353
0.0,146,65.770011
1.0,195,66.457567
0.0,137,66.941974
1.0,163,67.520131
2.0,231,68.348309
1.0,179,68.988977
3.0,299,70.035921
4.0,282,71.020373
1.0,183,71.661031
1.0,186,72.317324
3.0,254,73.208009
3.0,236,74.036189
1.0,181,74.66124
2.0,230,75.473786
0.0,141,75.973819
1.0,167,76.567609
1.0,157,77.11453
2.0,218,77.880315
1.0,172,78.489612
1.0,164,79.067776
9.0,441,80.599138
1.0,173,81.208545
1.0,163,81.786717
2.0,202,82.505516
0.0,146,83.019607
1.0,170,83.629277
1.0,208,84.352872
0.0,139,84.852896
3.0,293,85.868589
6.0,427,87.353073
1.0,175,87.978116
0.0,145,88.493765
1.0,154,89.040676
0.0,133,89.509468
0.0,136,89.993865
2.0,206,90.712673
2.0,224,91.509601
2.0,215,92.259642
1.0,165,92.853441
2.0,233,93.665986
2.0,216,94.416036
0.0,131,94.884818
1.0,174,95.494243
0.0,142,95.994277
3.0,277,96.963081
0.0,134,97.447488
0.0,131,97.900654
2.0,210,98.635068
1.0,197,99.322623
0.0,137,99.822648
1.0,182,100.447699
0.0,131,100.916471
2.0,233,101.744651
0.0,132,102.213443
1.0,180,102.838474
0.0,146,103.354144
2.0,242,104.19795
3.0,224,104.979243
2.0,222,105.760544
0.0,169,106.354345
2.0,215,107.104395
2.0,201,107.823182
4.0,286,108.807623
0.0,173,109.432781
2.0,198,110.120221
2.0,228,110.91714
1.0,187,111.58907
2.0,194,112.260979
2.0,224,113.057908
1.0,178,113.68295
0.0,135,114.151731
3.0,237,114.979913
7.0,347,116.198754
0.0,139,116.68315
0.0,132,117.151942
1.0,173,117.761357
0.0,131,118.21461
2.0,205,118.948928
2.0,211,119.683361
4.0,323,120.808426
1.0,172,121.417842
3.0,234,122.246022
0.0,145,122.761692
1.0,176,123.386724
2.0,225,124.168026
0.0,135,124.652433
0.0,143,125.152467
4.0,296,126.183786
3.0,298,127.230731
0.0,147,127.762016
0.0,138,128.246424
1.0,176,128.871476
4.0,338,130.074671
8.0,482,131.746668
2.0,210,132.496719
0.0,139,132.996742
3.0,261,133.903072
2.0,202,134.62186
0.0,128,135.075007
2.0,205,135.80944
3.0,257,136.747003
7.0,446,138.372101
0.0,130,138.840883
2.0,228,139.637811
3.0,251,140.512869
5.0,354,141.747327
5.0,343,142.997411
0.0,128,143.466192
2.0,190,144.153738
1.0,183,144.794407
0.0,135,145.263187
0.0,127,145.716342
0.0,129,146.169497
0.0,126,146.607027
3.0,249,147.497712
0.0,136,147.997745
0.0,135,148.482157
3.0,232,149.294707
3.0,226,150.091635
7.0,382,151.435487
3.0,234,152.263672
4.0,335,153.451235
3.0,270,154.388797
0.0,146,154.920083
0.0,136,155.40449
0.0,132,155.873281
4.0,317,156.982721
9.0,402,158.404692
0.0,138,158.904725
1.0,167,159.498515
5.0,367,160.77985
2.0,251,161.654909
4.0,320,162.811236
0.0,126,163.264391
9.0,437,164.96763
0.0,148,165.4833
7.0,423,166.967764
0.0,146,167.467798
1.0,206,168.202232
4.0,326,169.327308
0.0,178,169.967965
1.0,226,170.764893
2.0,223,171.546195
0.0,133,172.014987
3.0,237,172.843157
1.0,172,173.452573
0.0,130,173.905729
2.0,205,174.624527
1.0,174,175.249578
3.0,287,176.249645
1.0,224,177.030937
0.0,143,177.530981
1.0,199,178.234153
0.0,146,178.749802
1.0,205,179.4686
1.0,191,180.14052
0.0,131,180.609302
1.0,188,181.265596
1.0,194,181.953151
4.0,340,183.140721
1.0,213,183.890771
1.0,214,184.625205
0.0,152,185.172107
3.0,299,186.219052
2.0,224,187.000354
2.0,221,187.781656
0.0,145,188.297316
0.0,213,189.03174
1.0,176,189.656781
1.0,167,190.250571
0.0,170,190.844361
0.0,174,191.453777
2.0,201,192.172575
2.0,199,192.875747
3.0,252,193.750806
4.0,324,194.875881
0.0,132,195.344662
1.0,218,196.110348
1.0,160,196.672876
0.0,147,197.204162
7.0,410,198.626132
5.0,325,200.032476
1.0,177,200.657517
3.0,238,201.485698
1.0,206,202.204506
0.0,176,202.829538
4.0,366,204.095248
1.0,188,204.767168
1.0,191,205.439098
0.0,162,206.001625
0.0,155,206.548537
3.0,284,207.548614
3.0,328,208.673679
6.0,376,210.001903
4.0,327,211.142594
3.0,229,211.939522
1.0,226,212.73648
1.0,202,213.439623
2.0,224,214.220925
1.0,177,214.845968
0.0,170,215.439756
5.0,386,216.799222
1.0,166,217.377386
8.0,523,219.205643
5.0,394,220.565109
2.0,211,221.299533
3.0,329,222.440247
3.0,283,223.440301
0.0,183,224.08096
3.0,344,225.284165
2.0,299,226.315484
1.0,198,227.00304
5.0,354,228.253124
1.0,181,228.878155
0.0,161,229.440703
0.0,246,230.300126
1.0,176,230.925168
2.0,250,231.800227
4.0,291,232.815919
3.0,264,233.737855
0.0,196,234.425402
3.0,263,235.566113
4.0,335,236.72243
2.0,218,237.488106
0.0,134,237.956898
4.0,365,239.238223
3.0,296,240.269552
1.0,175,240.878968
2.0,244,241.738391
1.0,193,242.410311
5.0,343,243.5979
6.0,337,244.785469
7.0,426,246.254317
4.0,265,247.19188
7.0,426,248.66073
1.0,219,249.426405
0.0,150,249.95769
3.0,329,251.098392
1.0,189,251.770312
2.0,247,252.629755
2.0,231,253.426683
2.0,222,254.207985
1.0,185,254.864269
2.0,235,255.69245
1.0,200,256.395631
0.0,146,256.911291
0.0,156,257.458193
1.0,175,258.083244
3.0,269,259.02084
2.0,222,259.786483
3.0,293,260.817792
1.0,167,261.395966
1.0,250,262.271015
1.0,217,263.021074
1.0,197,263.724236
7.0,321,264.833686
3.0,315,265.943135
2.0,276,266.91196
2.0,234,267.724514
5.0,343,268.92772
7.0,291,269.943412
7.0,423,271.631017
1.0,208,272.365449
9.0,533,274.224939
2.0,207,274.943851
5.0,437,276.47515
4.0,286,277.475156
0.0,205,278.193964
7.0,431,279.694054
5.0,415,281.131661
0.0,194,281.819207
5.0,397,283.209915
7.0,474,284.850649
5.0,427,286.335124
7.0,388,287.678964
6.0,385,289.022803
1.0,179,289.663472
12.0,574,291.647979
1.0,207,292.366817
2.0,251,293.257462
0.0,140,293.741869
4.0,306,294.820067
3.0,212,295.570127
2.0,214,296.320176
1.0,257,297.226478
3.0,276,298.195293
1.0,193,298.867212
3.0,258,299.773523
2.0,225,300.554835
4.0,298,301.60177
1.0,196,302.304952
1.0,193,302.976862
1.0,196,303.664418
2.0,179,304.289449
0.0,148,304.820735
2.0,194,305.71142
2.0,206,306.445845
0.0,217,307.195894
2.0,219,307.96157
7.0,302,309.024141
10.0,408,310.446112
1.0,200,311.149284
0.0,174,311.774326
0.0,162,312.336863
1.0,184,312.977541
3.0,256,313.883842
0.0,266,314.805779
0.0,216,315.571455
0.0,262,316.477765
5.0,406,317.899735
2.0,249,318.774804
3.0,284,319.759245
2.0,339,320.946815
7.0,251,321.821882
1.0,250,322.696941
0.0,144,323.212591
0.0,127,323.665746
7.0,475,325.322107
3.0,241,326.165914
1.0,224,326.947218
3.0,250,327.822274
1.0,167,328.416065
3.0,310,329.494262
0.0,126,329.947426
1.0,299,330.994362
3.0,256,331.885056
3.0,254,332.760105
1.0,268,333.697667
7.0,280,334.682108
2.0,403,336.088452
1.0,196,336.775998
1.0,182,337.416666
0.0,132,337.885447
2.0,279,338.869888
0.0,142,339.369931
0.0,132,339.838703
0.0,124,340.276232
7.0,252,341.151291
1.0,160,341.713829
1.0,152,342.26074
3.0,213,342.995176
7.0,255,343.901477
4.0,352,345.120307
0.0,122,345.557836
1.0,170,346.151625
1.0,216,346.917311
2.0,537,348.776801
2.0,200,349.479972
2.0,186,350.136267
1.0,154,350.683179
7.0,254,351.558237
0.0,137,352.05828
7.0,257,352.948955
5.0,312,354.027163
5.0,536,355.886662
2.0,201,356.589834
3.0,351,357.839909
2.0,1105,361.699551
8.0,420,363.199651
5.0,321,364.355978
2.0,204,365.121644
0.0,126,365.590435
3.0,246,366.465484
1.0,204,367.184282
2.0,214,367.949958
0.0,126,368.403114
8.0,487,370.106353
3.0,386,371.497081
1.0,181,372.122113
1.0,204,372.856547
8.0,313,373.95036
2.0,212,374.731671
0.0,143,375.247332
4.0,439,376.778684
3.0,244,377.622491
2.0,187,378.294401
2.0,353,379.528858
2.0,212,380.263381
0.0,131,380.732063
0.0,316,381.825897
1.0,161,382.40405
3.0,420,383.872909
1.0,154,384.404184
2.0,182,385.060478
2.0,251,385.935536
0.0,173,386.544952
4.0,292,387.560655
0.0,149,388.091931
6.0,435,389.592031
2.0,341,390.779611
4.0,453,392.342215
1.0,274,393.31103
9.0,1912,399.905231
1.0,485,401.592844
7.0,1109,405.436841
11.0,1897,411.968529
0.0,576,413.968662
4.0,670,416.281341
4.0,652,418.547093
8.0,1273,422.938012
4.0,377,424.250601
0.0,127,424.703755
4.0,910,427.84459
4.0,833,430.719872
2.0,369,432.001118
1.0,287,433.001185
0.0,146,433.516845
0.0,337,434.688798
2.0,304,435.751369
5.0,651,438.001529
2.0,240,438.8297
3.0,384,440.157923
5.0,701,442.611202
1.0,200,443.314375
0.0,135,443.783156
3.0,829,446.658349
7.0,3091,457.315312
5.0,572,459.299819
1.0,730,461.815612
4.0,405,463.221956
4.0,687,465.597115
2.0,275,466.550304
0.0,529,468.378551
0.0,598,470.4412
3.0,476,472.097551
2.0,1002,475.53528
7.0,1051,479.160532
1.0,169,479.754313
0.0,673,482.301358
2.0,1466,487.348571
3.0,246,488.208003
2.0,234,489.020557
3.0,270,489.95812
5.0,355,491.208204
5.0,307,492.270775
0.0,201,492.973957
1.0,355,494.208405
2.0,198,494.89596
5.0,364,496.161669
1.0,262,497.083596
2.0,210,497.818021
11.0,468,499.427503
3.0,324,500.552579
3.0,241,501.396385
4.0,260,502.318331
3.0,289,503.318389
1.0,184,503.959057
2.0,197,504.662229
4.0,259,505.568549
1.0,200,506.256085
0.0,124,506.693615
0.0,129,507.14677
4.0,274,508.115585
2.0,197,508.80313
3.0,247,509.662565
3.0,235,510.490743
0.0,125,510.928273
3.0,315,512.037721
5.0,360,513.287806
6.0,326,514.428507
3.0,247,515.287939
4.0,287,516.288006
0.0,158,516.850544
3.0,300,517.897489
0.0,217,518.647539
3.0,304,519.71012
0.0,132,520.178892
0.0,215,520.928952
12.0,473,522.569677
7.0,1770,528.663844
0.0,919,531.835921
0.0,1656,537.539428
9.0,1288,541.992861
10.0,1246,546.290023
3.0,1278,550.962201
0.0,636,553.165483
0.0,1603,558.681468
6.0,949,561.962936
0.0,1293,566.400734
4.0,1965,573.244943
4.0,766,575.932621
0.0,1979,582.792465
5.0,1307,587.589651
7.0,3400,599.309185
0.0,270,600.246758
7.0,566,602.215629
1.0,378,603.512591
6.0,490,605.21583
3.0,255,606.106515
9.0,583,608.137911
0.0,172,608.747327
4.0,240,609.591133
5.0,287,610.591189
2.0,236,611.41937
2.0,200,612.106915
0.0,216,612.872602
2.0,303,613.919538
5.0,512,615.700917
1.0,174,616.310323
1.0,204,617.029119
1.0,213,617.779171
2.0,232,618.591725
3.0,258,619.498045
0.0,302,620.544981
7.0,252,621.435666
0.0,473,623.107662
5.0,713,625.560941
7.0,694,627.967352
5.0,881,630.998805
0.0,1044,634.608431
4.0,573,636.59293
6.0,1617,642.171437
2.0,197,642.858974
0.0,150,643.390259
0.0,214,644.140319
7.0,253,645.015368
0.0,215,645.765418
0.0,148,646.296703
6.0,1279,650.718874
0.0,211,651.453308
3.0,286,652.453375
0.0,174,653.062781
8.0,375,654.375368
4.0,403,655.766087
4.0,522,657.578709
3.0,542,659.453834
8.0,875,662.485296
3.0,230,663.297851
0.0,239,664.126031
2.0,279,665.094836
2.0,476,666.751197
4.0,1559,672.11093
2.0,307,673.189137
3.0,268,674.1267
0.0,245,674.970497
3.0,247,675.845555
7.0,560,677.783184
1.0,343,678.970774
3.0,280,679.939579
0.0,155,680.4865
4.0,322,681.611566
0.0,276,682.580381
5.0,512,684.346133
2.0,320,685.471199
11.0,596,687.533837
3.0,958,690.846558
2.0,342,692.034138
0.0,338,693.2061
1.0,566,695.159347
4.0,322,696.284422
0.0,653,698.534573
0.0,633,700.706594
2.0,1954,707.441418
8.0,905,710.566627
0.0,954,713.863723
9.0,2791,723.458212
1.0,1113,727.302122
4.0,1232,731.536781
1.0,642,733.740053
3.0,380,735.068266
0.0,408,736.474611
11.0,2908,746.475289
4.0,274,747.428469
12.0,666,749.725507
0.0,159,750.288035
8.0,294,751.319354
3.0,272,752.272543
0.0,126,752.710071
1.0,152,753.241357
4.0,302,754.303928
0.0,155,754.835223
1.0,357,756.085297
1.0,316,757.179131
4.0,395,758.804229
3.0,227,759.601159
0.0,125,760.038687
1.0,153,760.585599
11.0,267,761.523161
1.0,170,762.116961
2.0,203,762.835748
6.0,317,763.929582
1.0,304,765.007769
11.0,267,765.929716
11.0,273,766.898521
2.0,203,767.601703
7.0,746,770.195616
0.0,314,771.289439
0.0,151,771.820735
7.0,3525,783.993414
7.0,472,785.634149
9.0,439,787.165502
1.0,282,788.149943
11.0,1522,793.681562
0.0,234,794.494127
1.0,621,796.650521
8.0,478,798.306873
7.0,2518,806.963701
7.0,417,808.416933
5.0,478,810.073284
8.0,968,813.417257
9.0,870,816.417458
1.0,1355,821.089646
2.0,722,823.574197
1.0,853,826.527519
2.0,345,827.980733
4.0,408,829.402702
3.0,232,830.215256
9.0,771,832.871684
1.0,151,833.402969
1.0,202,834.121767
0.0,125,834.559306
0.0,161,835.121844
1.0,172,835.73126
5.0,371,837.028212
0.0,190,837.700141
5.0,346,838.903337
2.0,273,839.872152
4.0,850,842.809849
11.0,520,844.62247
4.0,265,845.544407
1.0,166,846.122571
5.0,315,847.23202
0.0,174,847.841446
2.0,257,848.747756
0.0,150,849.279031
2.0,198,849.966577
0.0,408,851.388548
1.0,218,852.154234
2.0,183,852.794891
11.0,555,854.716895
1.0,176,855.326321
4.0,814,858.138999
3.0,246,858.998431
9.0,1713,864.905077
1.0,178,865.530128
2.0,220,866.295794
1.0,192,866.967732
2.0,1031,870.530453
11.0,293,871.561771
0.0,125,871.999312
5.0,303,873.061872
2.0,202,873.765044
5.0,444,875.296483
4.0,320,876.421472
1.0,201,877.124644
4.0,354,878.359148
1.0,248,879.218544
4.0,260,880.140473
3.0,534,881.984344
11.0,463,883.593836
1.0,209,884.328251
2.0,214,885.078306
4.0,275,886.03149
1.0,153,886.562775
2.0,182,887.219069
12.0,415,888.656665
9.0,400,890.047383
10.0,664,892.360048
7.0,248,893.235164
2.0,404,894.625814
2.0,250,895.500873
5.0,310,896.57907
6.0,365,898.141674
7.0,384,899.469899
1.0,191,900.141809
2.0,232,900.954364
2.0,487,902.641986
4.0,337,903.81393
2.0,264,904.735866
3.0,340,905.923455
4.0,303,906.970391
2.0,265,907.907953
2.0,258,908.798638
6.0,389,910.158114
1.0,239,910.986284
3.0,228,911.783222
3.0,239,912.627019
2.0,341,913.799092
0.0,329,914.939675
0.0,295,915.970993
5.0,405,917.377337
2.0,204,918.096145
1.0,220,918.861811
5.0,577,920.861945
3.0,247,921.737004
6.0,342,922.924583
3.0,427,924.424693
4.0,332,925.581011
4.0,259,926.487321
4.0,379,927.799919
10.0,558,929.753164
0.0,595,931.800176
1.0,171,932.393966
3.0,322,933.519047
1.0,178,934.144083
3.0,272,935.081646
1.0,153,935.628558
3.0,229,936.425496
12.0,519,938.222481
1.0,244,939.081924
3.0,234,939.894477
3.0,327,941.035169
9.0,615,943.160311
6.0,347,944.379144
1.0,278,945.347957
5.0,568,947.301223
1.0,872,950.31704
1.0,220,951.082717
1.0,152,951.614002
1.0,985,955.004864
1.0,404,956.411197
15.0,616,958.551966
1.0,514,960.317709
1.0,738,962.880381
6.0,484,964.552377
2.0,266,965.474314
2.0,613,967.599457
7.0,2761,977.178222
0.0,137,977.662631
0.0,499,979.412737
2.0,438,980.928463
5.0,1764,986.991368
0.0,705,989.429032
1.0,824,992.272982
11.0,1269,996.632639
3.0,1533,1001.929867
2.0,607,1004.023757
3.0,2887,1013.946297
11.0,1513,1019.149771
5.0,2021,1026.10337
11.0,1229,1030.338019
5.0,542,1032.213144
2.0,340,1033.400724
1.0,1580,1038.838587
0.0,468,1040.463696
1.0,1461,1045.479656
3.0,1236,1049.745576
11.0,767,1052.41763
3.0,322,1053.527079
4.0,336,1054.699023
1.0,292,1055.714726
0.0,696,1058.121127
0.0,288,1059.121194
0.0,433,1060.621304
2.0,839,1063.512112
12.0,1198,1067.637388
3.0,299,1068.684344
4.0,307,1069.731278
2.0,206,1070.465702
4.0,271,1071.403265
0.0,127,1071.85642
1.0,203,1072.559603
7.0,404,1073.965947
0.0,124,1074.403476
7.0,421,1075.856688
5.0,342,1077.044268
2.0,198,1077.74744
8.0,463,1079.341306
11.0,267,1080.278859
2.0,190,1080.935153
1.0,201,1081.653961
11.0,399,1083.029042
7.0,434,1084.54477
2.0,221,1085.310455
3.0,638,1087.529343
2.0,239,1088.357525
0.0,126,1088.81068
3.0,479,1090.467051
11.0,504,1092.201531
12.0,1986,1099.045749
7.0,715,1101.514654
2.0,182,1102.155333
7.0,420,1103.608545
5.0,350,1104.827376
1.0,214,1105.577426
1.0,173,1106.186842
11.0,471,1107.811951
1.0,245,1108.671383
7.0,253,1109.562068
1.0,154,1110.093364
2.0,181,1110.734031
2.0,183,1111.374699
7.0,442,1112.921668
11.0,351,1114.140509
11.0,740,1116.70317
8.0,784,1119.406476
13.0,378,1120.719074
2.0,330,1121.875401
1.0,366,1123.141101
8.0,763,1125.781903
2.0,361,1127.047613
5.0,763,1129.672788
1.0,454,1131.251019
1.0,246,1132.110451
13.0,708,1134.548114
0.0,128,1135.00127
6.0,473,1136.642015
11.0,300,1137.688959
9.0,469,1139.298432
7.0,416,1141.064175
9.0,329,1142.204878
0.0,132,1142.673658
12.0,566,1144.64254
12.0,532,1146.486413
7.0,479,1148.14279
6.0,330,1149.299111
10.0,689,1151.689886
2.0,188,1152.34619
1.0,229,1153.143117
0.0,199,1153.84629
3.0,231,1154.658835
2.0,220,1155.424511
1.0,245,1156.283943
1.0,159,1156.846491
6.0,528,1158.674728
0.0,126,1159.127893
7.0,390,1160.471723
0.0,134,1160.94069
6.0,382,1162.268718
1.0,213,1163.018768
4.0,302,1164.065724
2.0,262,1164.98766
1.0,186,1165.628318
2.0,408,1167.050288
7.0,1286,1171.488086
8.0,658,1173.769488
1.0,459,1175.707118
5.0,654,1177.972895
6.0,438,1179.504246
0.0,128,1179.957402
5.0,317,1181.066851
11.0,510,1182.832594
11.0,458,1184.42646
11.0,468,1186.05156
9.0,489,1187.754798
11.0,283,1188.739283
5.0,336,1189.926818
0.0,125,1190.379984
1.0,152,1190.91126
1.0,162,1191.489561
2.0,200,1192.192595
0.0,126,1192.630125
7.0,369,1193.927086
9.0,519,1195.724082
11.0,331,1196.896045
2.0,199,1197.599207
1.0,171,1198.208633
1.0,171,1198.802423
5.0,313,1199.911862
1.0,174,1200.521277
0.0,123,1200.958817
0.0,130,1201.411962
11.0,267,1202.349525
1.0,177,1202.974566
1.0,173,1203.583982
2.0,218,1204.334032
1.0,202,1205.05283
0.0,131,1205.505987
6.0,366,1206.787321
10.0,402,1208.17804
7.0,609,1210.303182
1.0,217,1211.365763
2.0,459,1212.959619
8.0,663,1215.256638
0.0,245,1216.116081
4.0,420,1217.584919
7.0,364,1218.850639
3.0,802,1221.616438
1.0,174,1222.225854
6.0,365,1223.491563
1.0,263,1224.413503
3.0,228,1225.226055
1.0,172,1225.819845
1.0,153,1226.366757
3.0,344,1227.554345
1.0,268,1228.491908
9.0,323,1229.616984
6.0,345,1230.82018
5.0,391,1232.179655
6.0,590,1234.211041
7.0,490,1235.929896
12.0,515,1237.726891
1.0,257,1238.633212
2.0,210,1239.367626
4.0,244,1240.211432
1.0,152,1240.758344
1.0,172,1241.36776
8.0,584,1243.399146
3.0,310,1244.477343
2.0,469,1246.102451
11.0,351,1247.321283
1.0,153,1247.852569
8.0,465,1249.477677
4.0,314,1250.571501
8.0,480,1252.243487
1.0,334,1253.399815
7.0,249,1254.259247
1.0,169,1254.868663
1.0,228,1255.665592
12.0,523,1257.462596
13.0,569,1259.478346
2.0,193,1260.150265
3.0,255,1261.04095
4.0,280,1262.025392
6.0,344,1263.212971
1.0,153,1263.744256
1.0,154,1264.291168
3.0,374,1265.588129
2.0,507,1267.353884
2.0,208,1268.0883
7.0,459,1269.666528
7.0,1201,1273.80743
4.0,245,1274.682498
4.0,347,1275.885694
2.0,180,1276.526361
9.0,489,1278.229611
1.0,152,1278.760886
8.0,1709,1284.667531
2.0,574,1286.652046
1.0,152,1287.198951
2.0,232,1287.99589
7.0,246,1288.855311
3.0,295,1289.88664
0.0,125,1290.324168
3.0,232,1291.136714
1.0,171,1291.730513
1.0,153,1292.277415
14.0,824,1295.121365
2.0,218,1295.887042
7.0,779,1298.574722
2.0,460,1300.168569
2.0,211,1300.902992
7.0,487,1302.590605
5.0,403,1303.996949
11.0,353,1305.21578
10.0,385,1306.559621
3.0,284,1307.559688
7.0,249,1308.434746
3.0,243,1309.278562
7.0,259,1310.184863
1.0,187,1310.856783
3.0,300,1311.903738
0.0,125,1312.341257
5.0,308,1313.419455
11.0,267,1314.357017
7.0,515,1316.138386
2.0,256,1317.029071
8.0,698,1319.451107
1.0,153,1319.982403
10.0,789,1322.716961
6.0,646,1324.951478
11.0,289,1325.967169
11.0,267,1326.904742
2.0,248,1327.779789
2.0,203,1328.482963
0.0,143,1328.982996
5.0,431,1330.498722
4.0,259,1331.405033
5.0,307,1332.48323
2.0,651,1334.73338
9.0,728,1337.249174
4.0,279,1338.233614
9.0,618,1340.374393
1.0,247,1341.233816
2.0,308,1342.296386
6.0,405,1343.70274
10.0,447,1345.249708
2.0,197,1345.952891
4.0,321,1347.077966
3.0,341,1348.265671
11.0,890,1351.32824
6.0,395,1352.703342
2.0,215,1353.453383
5.0,547,1355.344134
3.0,370,1356.62547
2.0,214,1357.391146
1.0,432,1358.891246
5.0,371,1360.188207
3.0,255,1361.063277
4.0,301,1362.125838
7.0,497,1363.860329
8.0,1329,1368.43876
8.0,445,1369.985739
3.0,229,1370.798293
11.0,718,1373.2829
2.0,674,1375.657993
1.0,153,1376.204904
2.0,180,1376.830035
11.0,967,1380.205172
0.0,136,1380.673953
2.0,374,1381.986551
4.0,438,1383.517893
6.0,398,1384.908611
2.0,242,1385.768044
4.0,307,1386.846241
0.0,124,1387.299407
1.0,171,1387.908813
1.0,151,1388.440098
4.0,296,1389.487044
2.0,244,1390.346475
2.0,182,1390.971528
5.0,1481,1396.143747
2.0,211,1396.878163
2.0,180,1397.503204
4.0,311,1398.612664
2.0,200,1399.315825
2.0,182,1399.956619
0.0,124,1400.409648
3.0,229,1401.222213
3.0,214,1401.972253
1.0,154,1402.519166
7.0,453,1404.097405
4.0,357,1405.363114
2.0,351,1406.597562
8.0,417,1408.066411
2.0,182,1408.722705
0.0,125,1409.160233
5.0,345,1410.36344
2.0,323,1411.488525
3.0,226,1412.285444
4.0,297,1413.348024
4.0,297,1414.394959
10.0,455,1416.020068
3.0,232,1416.879511
2.0,1671,1422.645511
6.0,394,1424.020603
13.0,549,1425.926981
4.0,377,1427.23959
2.0,249,1428.099002
5.0,373,1429.395963
3.0,397,1430.771065
7.0,255,1431.661739
9.0,457,1433.23998
7.0,343,1434.427559
2.0,222,1435.208861
9.0,641,1437.42775
1.0,151,1437.94342
7.0,386,1439.287259
10.0,802,1442.068696
2.0,182,1442.693727
1.0,172,1443.303143
5.0,306,1444.365868
7.0,471,1446.006449
3.0,269,1446.944011
5.0,345,1448.147217
12.0,303,1449.209788
2.0,204,1449.928596
0.0,125,1450.366125
2.0,182,1451.006794
2.0,182,1451.647451
4.0,278,1452.616266
1.0,331,1453.756967
3.0,458,1455.350824
12.0,1171,1459.366727
2.0,786,1462.085649
0.0,1319,1466.617213
2.0,2144,1473.992695
3.0,1762,1480.055611
1.0,828,1482.915169
7.0,3932,1496.416071
3.0,669,1498.728725
3.0,248,1499.588158
0.0,125,1500.041314
0.0,125,1500.478843
3.0,351,1501.697674
0.0,124,1502.135214
0.0,125,1502.572733
0.0,124,1503.010272
0.0,125,1503.463428
0.0,125,1503.900947
5.0,291,1504.916639
8.0,297,1505.947969
0.0,124,1506.385488
0.0,124,1506.823027
2.0,203,1507.541936
2.0,201,1508.244997
0.0,129,1508.698152
2.0,345,1509.901348
0.0,124,1510.338877
3.0,328,1511.479579
4.0,311,1512.557775
2.0,376,1513.870363
0.0,287,1514.87043
4.0,308,1515.933001
4.0,267,1516.870564
0.0,125,1517.308094
7.0,448,1518.855081
0.0,125,1519.308238
4.0,365,1520.573936
0.0,125,1521.011476
1.0,173,1521.620892
0.0,125,1522.074047
3.0,256,1522.995984
7.0,564,1524.94923
0.0,195,1525.636786
3.0,261,1526.543161
4.0,408,1527.965056
2.0,421,1529.433904
1.0,153,1529.965191
4.0,514,1531.74656
4.0,316,1532.840382
4.0,316,1533.934216
3.0,301,1534.981151
4.0,361,1536.231235
3.0,950,1539.528329
8.0,673,1541.856611
2.0,245,1542.716043
4.0,296,1543.747419
0.0,124,1544.184891
4.0,257,1545.075586
5.0,339,1546.263155
8.0,369,1547.544491
1.0,153,1548.091402
2.0,199,1548.778949
6.0,331,1549.950902
1.0,215,1550.700962
5.0,309,1551.77916
3.0,248,1552.638582
1.0,397,1554.0293
1.0,1265,1558.388968
2.0,713,1560.842256
4.0,300,1561.889202
8.0,595,1563.951839
14.0,425,1565.420686
1.0,153,1565.967608
4.0,332,1567.123927
1.0,228,1567.905238
0.0,157,1568.467766
4.0,359,1569.717849
4.0,257,1570.608533
1.0,152,1571.139829
7.0,245,1572.014888
2.0,419,1573.4681
13.0,716,1575.937026
2.0,306,1576.999587
9.0,398,1578.390314
11.0,469,1580.015465
2.0,277,1580.984238
8.0,1074,1584.6876
10.0,1074,1588.406599
13.0,806,1591.188046
1.0,153,1591.719321
3.0,332,1592.891275
5.0,427,1594.360124
1.0,308,1595.43832
9.0,384,1596.766544
17.0,597,1598.829171
7.0,417,1600.282405
1.0,251,1601.157463
2.0,283,1602.141893
4.0,242,1602.98571
3.0,215,1603.73575
4.0,322,1604.860834
3.0,247,1605.720258
0.0,126,1606.173414
3.0,777,1608.861092
7.0,360,1610.111176
6.0,401,1611.501895
2.0,198,1612.18944
10.0,452,1613.752044
3.0,1794,1619.986837
5.0,373,1621.283799
0.0,459,1622.862029
7.0,301,1623.908974
2.0,183,1624.565278
3.0,825,1627.409209
3.0,236,1628.253016
3.0,316,1629.346839
11.0,607,1631.440738
7.0,437,1632.956547
12.0,325,1634.097156
7.0,549,1635.987907
2.0,182,1636.628576
0.0,125,1637.066105
6.0,405,1638.472459
2.0,1408,1643.347775
6.0,403,1644.738493
1.0,437,1646.254219
9.0,448,1647.801198
2.0,529,1649.629455
3.0,1427,1654.55165
1.0,584,1656.583035
2.0,422,1658.036257
0.0,305,1659.098829
0.0,490,1660.786442
0.0,737,1663.333487
4.0,577,1665.333631
5.0,474,1666.974355
8.0,422,1668.427579
0.0,129,1668.896359
2.0,369,1670.177705
3.0,653,1672.443471
1.0,567,1674.396727
0.0,399,1675.787455
12.0,357,1677.037529
7.0,446,1678.568891
3.0,397,1679.959599
2.0,471,1681.584708
7.0,248,1682.44414
9.0,351,1683.678598
5.0,441,1685.20995
11.0,472,1686.835059
7.0,451,1688.413289
0.0,1212,1692.601069
1.0,1138,1696.523207
2.0,199,1697.210753
2.0,201,1697.929552
3.0,239,1698.757731
5.0,301,1699.804677
2.0,201,1700.507849
2.0,220,1701.273535
2.0,221,1702.039212
1.0,904,1705.16441
0.0,967,1708.492768
11.0,267,1709.430321
0.0,778,1712.102374
2.0,182,1712.743052
3.0,247,1713.602474
1.0,152,1714.149386
8.0,494,1715.868251
0.0,2161,1723.306259
3.0,374,1724.618836
10.0,447,1726.165815
8.0,397,1727.556533
1.0,1181,1731.619305
2.0,261,1732.541241
4.0,262,1733.463178
11.0,274,1734.416367
3.0,443,1735.947719
2.0,201,1736.650902
1.0,759,1739.276067
3.0,253,1740.151135
8.0,1331,1744.745192
2.0,350,1745.948398
7.0,455,1747.526619
0.0,433,1749.026719
4.0,381,1750.354933
5.0,379,1751.667521
11.0,271,1752.62071
11.0,273,1753.573899
12.0,322,1754.698983
11.0,543,1756.589725
1.0,161,1757.16789
1.0,584,1759.183648
1.0,263,1760.105586
11.0,270,1761.058784
2.0,408,1762.465118
14.0,441,1764.012106
3.0,485,1765.715336
2.0,205,1766.434133
11.0,269,1767.387322
2.0,612,1769.543851
4.0,304,1770.621924
11.0,342,1771.840745
2.0,234,1772.6533
1.0,152,1773.200221
3.0,249,1774.090896
1.0,212,1774.840946
6.0,342,1776.044286
2.0,183,1776.700578
1.0,157,1777.263238
4.0,317,1778.356806
4.0,317,1779.481882
2.0,360,1780.731965
11.0,267,1781.669527
8.0,275,1782.622728
13.0,375,1783.935304
12.0,350,1785.154136
2.0,219,1785.919812
4.0,318,1787.029261
3.0,682,1789.40442
4.0,256,1790.295115
6.0,411,1791.748328
3.0,426,1793.248427
4.0,259,1794.170365
2.0,219,1794.93605
3.0,249,1795.811099
3.0,234,1796.623654
6.0,397,1798.014371
4.0,247,1798.873804
6.0,430,1800.373904
10.0,561,1802.311534
14.0,502,1804.06173
1.0,204,1804.764833
4.0,297,1805.811778
2.0,181,1806.452449
3.0,285,1807.436886
7.0,2501,1816.093715
12.0,1381,1820.953406
7.0,1085,1824.719293
10.0,895,1827.828866
4.0,1823,1834.110536
1.0,1155,1838.079551
10.0,1292,1842.5486
0.0,841,1845.455044
1.0,899,1848.54912
7.0,2510,1857.205841
3.0,3316,1868.62848
2.0,459,1870.206711
2.0,1040,1873.816317
3.0,247,1874.675749
2.0,181,1875.316417
5.0,346,1876.519622
1.0,155,1877.066534
9.0,519,1878.863529
3.0,259,1879.76984
11.0,267,1880.707402
7.0,419,1882.160626
1.0,168,1882.754417
5.0,352,1883.988872
0.0,140,1884.47328
7.0,427,1885.97339
0.0,158,1886.520291
3.0,528,1888.364165
2.0,387,1889.708004
2.0,251,1890.583064
2.0,246,1891.442495
11.0,549,1893.349024
5.0,442,1894.895851
1.0,267,1895.817798
1.0,196,1896.505334
11.0,267,1897.442898
7.0,511,1899.224267
11.0,288,1900.224343
4.0,456,1901.818192
7.0,383,1903.146414
0.0,176,1903.771446
0.0,834,1906.959159
0.0,296,1907.990478
3.0,278,1908.959293
5.0,496,1910.678168
2.0,213,1911.428208
13.0,427,1912.912682
6.0,396,1914.287784
1.0,293,1915.303477
7.0,446,1916.86608
4.0,260,1917.772383
9.0,936,1921.006984
1.0,164,1921.585137
2.0,472,1923.210257
2.0,479,1924.866608
3.0,240,1925.710414
1.0,165,1926.288577
1.0,159,1926.851115
7.0,447,1928.398103
4.0,298,1929.445038
7.0,269,1930.382611
11.0,468,1932.00772
1.0,258,1932.91402
2.0,190,1933.58594
2.0,300,1934.632895
0.0,124,1935.070415
7.0,725,1937.586209
8.0,705,1940.02387
11.0,503,1941.773988
2.0,666,1944.086643
2.0,244,1944.946075
1.0,205,1945.664873
2.0,2240,1953.38414
2.0,728,1955.899934
8.0,474,1957.540668
2.0,625,1959.712688
13.0,1225,1963.93173
7.0,416,1965.384942
10.0,398,1966.760034
8.0,566,1968.728925
7.0,423,1970.197774
1.0,151,1970.729049
5.0,775,1973.416729
4.0,296,1974.448048
6.0,365,1975.713758
6.0,365,1976.995104
5.0,330,1978.135805
11.0,267,1979.073358
7.0,424,1980.542216
3.0,277,1981.511031
8.0,466,1983.120514
10.0,421,1984.589352
8.0,445,1986.120706
2.0,200,1986.839502
6.0,379,1988.15209
1.0,151,1988.699002
7.0,420,1990.152234
4.0,297,1991.183543
4.0,266,1992.10548
9.0,408,1993.52746
2.0,182,1994.168128
4.0,257,1995.058812
3.0,234,1995.886983
2.0,188,1996.543277
3.0,225,1997.324579
4.0,314,1998.434082
3.0,232,1999.246582
8.0,1205,2003.40311
2.0,184,2004.059404
12.0,526,2005.872025
8.0,469,2007.497144
11.0,457,2009.091002
0.0,134,2009.559772
10.0,419,2011.012995
14.0,681,2013.372528
11.0,271,2014.3101
2.0,182,2014.950758
12.0,324,2016.075843
2.0,181,2016.716501
2.0,221,2017.497813
2.0,295,2018.529123
3.0,303,2019.591693
2.0,206,2020.310491
2.0,182,2020.966785
1.0,161,2021.529324
1.0,159,2022.091861
6.0,356,2023.326319
11.0,273,2024.295143
3.0,219,2025.060809
5.0,321,2026.185885
7.0,375,2027.514099
1.0,701,2029.951763
10.0,575,2031.951906
0.0,387,2033.311361
7.0,489,2035.030238
0.0,802,2037.811672
1.0,227,2038.624226
12.0,322,2039.749292
12.0,326,2040.889994
11.0,694,2043.31203
11.0,476,2044.968401
1.0,202,2045.68719
12.0,507,2047.765453
7.0,453,2049.35931
0.0,143,2049.859343
0.0,189,2050.531273
5.0,317,2051.640723
0.0,125,2052.093868
3.0,214,2052.859544
6.0,344,2054.109628
7.0,400,2055.547234
1.0,207,2056.266022
5.0,403,2057.656777
7.0,579,2059.6725
0.0,207,2060.391298
6.0,344,2061.594504
2.0,188,2062.250797
2.0,665,2064.547835
2.0,208,2065.28226
11.0,270,2066.219813
2.0,244,2067.079246
0.0,442,2068.610598
2.0,195,2069.282517
6.0,373,2070.595106
5.0,621,2072.735873
3.0,282,2073.720315
1.0,157,2074.267226
6.0,376,2075.579814
0.0,361,2076.845523
11.0,475,2078.501894
5.0,315,2079.595709
3.0,340,2080.783346
5.0,348,2082.002119
2.0,252,2082.877177
2.0,1108,2086.689932
4.0,1092,2090.455819
6.0,427,2091.940284
4.0,243,2092.7841
2.0,201,2093.487262
3.0,213,2094.237322
0.0,1168,2098.268831
11.0,469,2099.89394
7.0,272,2100.84713
0.0,179,2101.472171
15.0,552,2103.394184
0.0,621,2105.535065
11.0,469,2107.175677
8.0,275,2108.128993
3.0,233,2108.957047
0.0,441,2110.472774
0.0,587,2112.504159
2.0,1827,2118.801455
3.0,310,2119.879652
3.0,371,2121.160988
10.0,468,2122.801725
1.0,315,2123.895546
0.0,916,2127.052006
8.0,1740,2133.036793
0.0,777,2135.708836
1.0,1454,2140.724807
9.0,545,2142.615548
2.0,388,2143.959388
7.0,374,2145.256359
11.0,490,2146.959589
2.0,208,2147.694013
2.0,202,2148.397186
4.0,264,2149.319122
2.0,1975,2156.132078
3.0,230,2156.944631
2.0,181,2157.569674
8.0,439,2159.132279
3.0,228,2159.929216
2.0,381,2161.25742
3.0,378,2162.570018
8.0,1291,2167.023432
1.0,213,2167.773555
12.0,620,2169.914259
0.0,122,2170.367405
9.0,400,2171.758133
3.0,273,2172.711311
5.0,343,2173.89889
4.0,243,2174.758333
11.0,268,2175.695886
2.0,202,2176.399058
6.0,366,2177.664768
1.0,153,2178.21168
4.0,264,2179.133616
11.0,470,2180.758725
3.0,1042,2184.368342
2.0,188,2185.024645
13.0,558,2186.962265
0.0,212,2187.712325
1.0,160,2188.274863
11.0,488,2189.962466
1.0,165,2190.556255
7.0,251,2191.431313
2.0,215,2192.181374
7.0,394,2193.556456
1.0,220,2194.322142
11.0,521,2196.134763
3.0,257,2197.041074
0.0,132,2197.49422
11.0,474,2199.15058
1.0,704,2201.588244
5.0,568,2203.557124
2.0,346,2204.744704
2.0,564,2206.69797
2.0,554,2208.619964
2.0,209,2209.354388
5.0,698,2211.760808
3.0,424,2213.229647
2.0,195,2213.917202
12.0,502,2215.66731
7.0,425,2217.136158
1.0,176,2217.76121
2.0,256,2218.651884
0.0,125,2219.10504
13.0,654,2221.370816
12.0,525,2223.183438
14.0,587,2225.230449
11.0,469,2226.855558
0.0,123,2227.293098
11.0,469,2228.918206
11.0,267,2229.855759
1.0,171,2230.465185
0.0,124,2230.902703
0.0,124,2231.340233
13.0,574,2233.340366
2.0,243,2234.184173
5.0,387,2235.528023
2.0,370,2236.824975
2.0,406,2238.231319
9.0,413,2239.668925
10.0,453,2241.247146
3.0,1295,2245.700579
2.0,739,2248.247614
2.0,2519,2256.951331
11.0,592,2259.013959
1.0,440,2260.529696
5.0,390,2261.889162
7.0,1015,2265.405012
11.0,1290,2269.858435
7.0,417,2271.311657
5.0,349,2272.514873
2.0,384,2273.843086
1.0,152,2274.389988
11.0,462,2275.99947
1.0,152,2276.530756
5.0,368,2277.812102
2.0,181,2278.452761
0.0,126,2278.905925
15.0,524,2280.734282
1.0,449,2282.296767
0.0,130,2282.749923
1.0,509,2284.515665
11.0,489,2286.218904
2.0,191,2286.890834
3.0,468,2288.515932
2.0,899,2291.625516
12.0,671,2293.969422
6.0,621,2296.125817
11.0,283,2297.110267
1.0,214,2297.875934
5.0,374,2299.172906
7.0,357,2300.407353
2.0,181,2301.048021
11.0,267,2301.985584
0.0,711,2304.438883
5.0,405,2305.829602
2.0,182,2306.470269
2.0,183,2307.126553
2.0,185,2307.767231
2.0,217,2308.517281
0.0,816,2311.345585
0.0,910,2314.470804
2.0,217,2315.23647
11.0,479,2316.892831
11.0,477,2318.549192
2.0,1070,2322.23694
5.0,407,2323.643282
1.0,196,2324.346457
11.0,472,2325.971586
10.0,364,2327.237283
1.0,430,2328.737374
1.0,204,2329.456171
5.0,286,2330.440834
6.0,507,2332.206355
14.0,476,2333.862716
11.0,273,2334.815906
6.0,315,2335.909729
11.0,267,2336.847291
1.0,1186,2340.925689
2.0,542,2342.81645
12.0,318,2343.910264
11.0,267,2344.847836
2.0,180,2345.472868
0.0,173,2346.082284
12.0,516,2347.879279
11.0,469,2349.504388
1.0,327,2350.645089
16.0,598,2352.723353
4.0,266,2353.645299
8.0,494,2355.364154
12.0,516,2357.16115
12.0,516,2359.255041
2.0,182,2359.895707
2.0,230,2360.708261
15.0,552,2362.61464
0.0,300,2363.661585
4.0,267,2364.583521
4.0,259,2365.489832
0.0,132,2365.958623
5.0,346,2367.161819
0.0,772,2369.833873
0.0,403,2371.240217
8.0,634,2373.443489
2.0,600,2375.506127
11.0,469,2377.131236
2.0,287,2378.131303
11.0,469,2379.772038
2.0,190,2380.428331
6.0,325,2381.569034
12.0,498,2383.287908
3.0,237,2384.131704
7.0,417,2385.56931
9.0,549,2387.475688
2.0,232,2388.288242
9.0,414,2389.741464
0.0,1095,2393.491705
2.0,944,2396.741922
7.0,307,2397.82013
4.0,317,2398.929569
7.0,418,2400.38279
2.0,187,2401.039095
2.0,313,2402.132908
4.0,317,2403.226742
15.0,500,2404.961232
1.0,229,2405.75815
13.0,559,2407.695781
2.0,2324,2415.696316
1.0,1018,2419.212176
8.0,513,2420.97792
2.0,1346,2425.634481
2.0,803,2428.415927
2.0,185,2429.056585
3.0,230,2429.869138
6.0,446,2431.416117
11.0,352,2432.634949
11.0,353,2433.885032
4.0,317,2434.978856
1.0,152,2435.510141
2.0,215,2436.275827
2.0,203,2436.979
3.0,230,2437.775928
0.0,338,2438.963497
5.0,307,2440.041694
3.0,230,2440.838622
3.0,213,2441.588674
0.0,187,2442.244966
0.0,511,2444.026335
4.0,345,2445.229551
1.0,151,2445.745201
2.0,219,2446.526631
9.0,332,2447.682831
4.0,590,2449.74547
4.0,275,2450.714283
3.0,248,2451.589341
5.0,387,2452.933181
4.0,297,2453.964501
1.0,152,2454.495796
1.0,175,2455.120838
2.0,200,2455.808373
1.0,175,2456.433416
1.0,176,2457.042842
5.0,342,2458.230411
2.0,181,2458.871079
4.0,262,2459.793025
3.0,228,2460.589944
1.0,152,2461.121229
4.0,265,2462.058792
1.0,152,2462.590077
0.0,125,2463.027616
0.0,124,2463.465146
0.0,124,2463.918292
1.0,151,2464.433961
7.0,265,2465.371524
8.0,542,2467.246641
3.0,268,2468.184212
4.0,328,2469.324904
1.0,174,2469.934319
2.0,201,2470.637537
1.0,172,2471.246917
1.0,178,2471.856323
6.0,403,2473.247051
3.0,230,2474.059595
2.0,481,2475.731581
8.0,571,2477.700464
4.0,306,2478.763044
1.0,187,2479.419329
5.0,345,2480.622534
1.0,192,2481.294463
1.0,153,2481.841366
6.0,331,2482.997692
3.0,248,2483.857125
1.0,152,2484.404037
3.0,227,2485.200964
1.0,154,2485.732249
5.0,295,2486.76357
0.0,133,2487.232351
1.0,197,2487.919907
1.0,152,2488.466809
2.0,205,2489.185607
6.0,332,2490.341935
1.0,151,2490.87322
6.0,462,2492.482702
0.0,436,2493.998428
4.0,271,2494.936002
7.0,373,2496.232963
0.0,560,2498.170594
1.0,176,2498.779998
1.0,164,2499.358162
4.0,424,2500.827011
2.0,182,2501.467678
3.0,327,2502.592763
5.0,347,2503.795959
2.0,182,2504.436636
3.0,283,2505.421067
0.0,125,2505.858606
1.0,173,2506.468013
2.0,200,2507.155558
6.0,340,2508.343138
1.0,168,2508.936928
1.0,405,2510.343271
2.0,242,2511.187088
9.0,583,2513.202838
1.0,154,2513.734124
3.0,275,2514.702939
1.0,1037,2518.265677
2.0,581,2520.281437
5.0,319,2521.390886
2.0,327,2522.531598
2.0,241,2523.375394
1.0,536,2525.234894
2.0,244,2526.078702
1.0,165,2526.656863
6.0,402,2528.063207
0.0,159,2528.610119
4.0,269,2529.563308
2.0,181,2530.18835
3.0,212,2530.93841
1.0,152,2531.485311
6.0,407,2532.891655
3.0,228,2533.688583
6.0,373,2534.985545
6.0,430,2536.47002
7.0,661,2538.767048
12.0,349,2539.970253
1.0,186,2540.610922
2.0,182,2541.267215
2.0,182,2541.892267
6.0,389,2543.251724
6.0,445,2544.798701
13.0,422,2546.251934
9.0,767,2548.908351
4.0,317,2550.017801
0.0,149,2550.549087
2.0,214,2551.299136
12.0,323,2552.424212
11.0,267,2553.361785
6.0,426,2554.830623
2.0,196,2555.518178
0.0,142,2556.018203
9.0,401,2557.40893
12.0,318,2558.518379
4.0,316,2559.612203
2.0,183,2560.268486
11.0,268,2561.206059
11.0,503,2562.940551
15.0,1227,2567.175198
0.0,130,2567.64399
1.0,1211,2571.847396
1.0,1110,2575.660141
3.0,1937,2582.332473
2.0,1718,2588.239108
1.0,189,2588.895402
6.0,384,2590.239241
7.0,416,2591.676848
2.0,1877,2598.130404
1.0,180,2598.771062
2.0,181,2599.396104
2.0,405,2600.802458
0.0,1525,2606.05281
12.0,405,2607.47477
2.0,854,2610.412475
5.0,309,2611.490663
12.0,516,2613.272032
2.0,219,2614.037709
2.0,256,2614.928394
3.0,246,2615.787826
1.0,153,2616.334737
0.0,285,2617.319188
6.0,508,2619.084921
5.0,978,2622.460147
11.0,267,2623.39771
7.0,417,2624.850932
1.0,1166,2628.866825
1.0,382,2630.195049
2.0,1112,2634.02342
1.0,183,2634.664089
2.0,702,2637.086125
12.0,518,2638.88312
0.0,1248,2643.180283
2.0,945,2646.446129
5.0,353,2647.680587
1.0,515,2649.493246
3.0,249,2650.368274
7.0,245,2651.212071
3.0,268,2652.149633
2.0,499,2653.89975
3.0,557,2655.821754
8.0,750,2658.415687
3.0,212,2659.165727
2.0,652,2661.431504
2.0,181,2662.072181
11.0,267,2663.009734
17.0,371,2664.29107
2.0,268,2665.228642
2.0,201,2665.931815
1.0,288,2666.931872
12.0,520,2668.744493
11.0,267,2669.682066
2.0,1576,2675.11992
1.0,153,2675.666831
1.0,429,2677.151315
1.0,446,2678.698294
1.0,152,2679.245206
6.0,401,2680.635914
6.0,396,2682.011016
2.0,180,2682.651683
12.0,418,2684.089279
2.0,182,2684.729947
5.0,363,2685.995657
1.0,152,2686.526933
6.0,400,2687.91768
10.0,365,2689.198986
6.0,373,2690.495948
4.0,279,2691.464773
2.0,181,2692.105431
1.0,150,2692.636716
1.0,151,2693.168002
5.0,315,2694.261825
11.0,267,2695.199388
2.0,198,2695.886934
4.0,279,2696.855749
11.0,267,2697.793321
6.0,395,2699.168403
1.0,155,2699.73094
11.0,267,2700.668614
11.0,267,2701.606076
2.0,181,2702.231108
2.0,204,2702.949916
2.0,483,2704.621893
2.0,181,2705.262561
1.0,223,2706.043863
4.0,298,2707.090808
3.0,231,2707.903363
6.0,397,2709.278455
8.0,295,2710.309774
2.0,182,2710.950452
9.0,643,2713.185216
9.0,403,2714.59131
12.0,502,2716.341427
1.0,151,2716.872713
9.0,323,2717.997798
12.0,521,2719.810409
4.0,255,2720.701094
17.0,603,2722.794984
2.0,182,2723.435652
6.0,394,2724.810754
7.0,532,2726.654617
1.0,153,2727.185902
3.0,210,2727.920327
1.0,175,2728.545368
8.0,472,2730.186104
11.0,267,2731.123666
1.0,174,2731.733082
10.0,431,2733.217556
8.0,476,2734.873926
9.0,484,2736.545903
8.0,274,2737.499102
3.0,212,2738.249143
10.0,456,2739.843
0.0,139,2740.327407
8.0,507,2742.077524
2.0,182,2742.718192
8.0,436,2744.233918
11.0,267,2745.17148
2.0,181,2745.812148
9.0,518,2747.609154
11.0,267,2748.546706
0.0,191,2749.218637
11.0,267,2750.140563
13.0,577,2752.140697
0.0,122,2752.56261
0.0,124,2753.000139
0.0,141,2753.500173
10.0,428,2754.984636
1.0,152,2755.515923
0.0,127,2755.969078
1.0,152,2756.500364
1.0,153,2757.047276
2.0,182,2757.687953
4.0,257,2758.578628
2.0,200,2759.281809
2.0,182,2759.922477
7.0,389,2761.266308
2.0,183,2761.922601
2.0,198,2762.610151
6.0,347,2763.813352
2.0,241,2764.657159
2.0,183,2765.297838
1.0,153,2765.844739
1.0,152,2766.376034
4.0,317,2767.485473
6.0,396,2768.860565
0.0,184,2769.516869
2.0,201,2770.220042
14.0,476,2771.876392
11.0,554,2773.798395
7.0,246,2774.657838
11.0,267,2775.595391
13.0,531,2777.439263
1.0,172,2778.033054
11.0,268,2778.970617
11.0,267,2779.908179
11.0,268,2780.845752
3.0,246,2781.705174
11.0,267,2782.627122
1.0,152,2783.174023
4.0,254,2784.064708
2.0,205,2784.783506
2.0,200,2785.486678
2.0,196,2786.158597
11.0,267,2787.09617
2.0,182,2787.736828
2.0,200,2788.44
2.0,182,2789.080667
3.0,214,2789.830718
11.0,267,2790.768281
1.0,153,2791.299567
8.0,437,2792.815293
7.0,439,2794.346652
5.0,300,2795.39359
2.0,181,2796.034258
5.0,347,2797.237464
7.0,375,2798.550051
1.0,160,2799.112588
3.0,210,2799.847013
1.0,152,2800.378298
7.0,393,2801.7534
1.0,927,2804.956729
2.0,274,2805.909919
11.0,267,2806.847481
4.0,271,2807.80067
11.0,267,2808.722608
3.0,245,2809.582038
8.0,473,2811.2384
8.0,446,2812.785389
1.0,287,2813.769819
7.0,246,2814.629262
3.0,458,2816.223109
2.0,181,2816.863777
8.0,447,2818.410755
8.0,468,2820.035874
2.0,181,2820.660915
6.0,365,2821.926615
14.0,367,2823.207961
8.0,423,2824.6768
2.0,286,2825.676876
3.0,668,2827.989521
6.0,344,2829.192726
13.0,549,2831.099113
2.0,593,2833.146115
4.0,297,2834.177444
9.0,346,2835.396266
0.0,125,2835.833806
0.0,141,2836.33383
7.0,246,2837.193261
2.0,406,2838.599615
8.0,675,2840.943512
2.0,317,2842.037336
2.0,181,2842.678003
12.0,493,2844.381253
9.0,307,2845.475065
9.0,307,2846.568898
2.0,386,2847.928355
1.0,151,2848.45964
12.0,480,2850.178507
6.0,366,2851.45985
13.0,548,2853.350591
2.0,180,2853.99126
2.0,181,2854.616325
13.0,531,2856.460185
1.0,153,2857.007087
2.0,241,2857.835267
2.0,687,2860.21043
3.0,212,2860.960477
8.0,417,2862.413699
19.0,554,2864.335712
11.0,473,2865.976437
1.0,178,2866.601489
4.0,266,2867.523425
3.0,379,2868.836003
2.0,197,2869.523559
3.0,210,2870.273599
11.0,267,2871.195536
11.0,469,2872.820645
3.0,316,2873.930104
1.0,150,2874.445753
1.0,151,2874.977048
11.0,469,2876.617784
11.0,267,2877.555336
4.0,332,2878.711664
3.0,230,2879.524218
5.0,312,2880.618042
2.0,199,2881.618108
2.0,180,2882.258775
3.0,229,2883.055771
9.0,492,2884.758942
3.0,213,2885.508993
1.0,152,2886.040278
1.0,152,2886.587191
3.0,212,2887.321615
3.0,248,2888.196683
3.0,212,2888.931098
1.0,152,2889.478019
1.0,151,2889.993678
1.0,152,2890.524964
4.0,369,2891.821925
4.0,256,2892.71261
2.0,198,2893.415772
0.0,123,2893.853312
0.0,123,2894.290832
3.0,568,2896.244086
5.0,488,2897.9317
7.0,431,2899.4318
2.0,199,2900.134982
1.0,328,2901.275673
1.0,237,2902.103854
6.0,426,2903.588327
0.0,216,2904.338378
8.0,320,2905.447827
0.0,215,2906.213505
8.0,536,2908.073012
2.0,249,2908.932445
6.0,450,2910.495049
0.0,229,2911.307595
5.0,300,2912.354539
3.0,252,2913.245343
6.0,354,2914.464056
9.0,435,2915.979782
7.0,875,2918.995609
1.0,151,2919.526894
8.0,588,2921.573906
2.0,190,2922.230202
1.0,197,2922.917756
9.0,449,2924.48036
5.0,522,2926.292971
2.0,186,2926.949275
7.0,434,2928.464991
3.0,230,2929.26192
1.0,152,2929.793206
3.0,228,2930.590134
1.0,152,2931.137065
1.0,151,2931.66833
0.0,124,2932.10586
1.0,154,2932.668398
3.0,234,2933.480952
7.0,463,2935.090436
8.0,348,2936.309277
3.0,214,2937.04369
1.0,151,2937.574986
5.0,1001,2941.043958
11.0,690,2943.450369
4.0,274,2944.387932
1.0,150,2944.934844
7.0,424,2946.403692
1.0,159,2946.966229
1.0,152,2947.497515
11.0,495,2949.200754
7.0,473,2950.857115
6.0,328,2951.997816
3.0,281,2952.98226
5.0,399,2954.357349
1.0,153,2954.904261
1.0,278,2955.873075
6.0,886,2958.93578
12.0,532,2960.779654
1.0,195,2961.4672
2.0,212,2962.201634
1.0,152,2962.748535
2.0,182,2963.389203
11.0,484,2965.061192
1.0,197,2965.764362
9.0,1376,2970.51468
5.0,357,2971.764765
8.0,444,2973.311742
2.0,182,2973.936784
2.0,389,2975.296334
2.0,237,2976.12443
8.0,446,2977.671418
8.0,446,2979.218387
0.0,125,2979.671544
2.0,946,2982.92176
8.0,446,2984.484374
7.0,416,2985.921962
8.0,464,2987.531443
11.0,469,2989.172178
11.0,273,2990.125366
1.0,210,2990.85979
1.0,203,2991.562963
0.0,188,2992.234893
6.0,396,2993.625601
2.0,457,2995.203831
8.0,834,2998.079024
8.0,350,2999.297855
2.0,862,3002.298186
1.0,1431,3007.235886
5.0,975,3010.595486
3.0,232,3011.40804
6.0,365,3012.689377
2.0,349,3013.892581
11.0,267,3014.830144
0.0,125,3015.283309
6.0,339,3016.470902
0.0,125,3016.908409
0.0,223,3017.68971
0.0,125,3018.12724
0.0,140,3018.627284
2.0,200,3019.330445
10.0,422,3020.799294
5.0,297,3021.830666
8.0,349,3023.049444
7.0,417,3024.502676
4.0,243,3025.346483
0.0,125,3025.815255
0.0,125,3026.253
4.0,243,3027.112226
1.0,258,3028.002901
11.0,392,3029.378002
1.0,1121,3033.237635
0.0,338,3034.425215
11.0,469,3036.034698
11.0,469,3037.659797
2.0,279,3038.644248
17.0,550,3040.550615
12.0,482,3042.222602
11.0,267,3043.175801
14.0,548,3045.066552
11.0,469,3046.738539
0.0,162,3047.316693
3.0,840,3050.285641
0.0,391,3051.660733
7.0,398,3053.082703
0.0,613,3055.207844
8.0,592,3057.270483
0.0,233,3058.114387
6.0,365,3059.395625
2.0,587,3061.411385
0.0,786,3064.130317
0.0,405,3065.536661
0.0,764,3068.177542
2.0,417,3069.615069
11.0,544,3071.50582
1.0,564,3073.459066
11.0,708,3075.927981
1.0,1107,3079.756371
11.0,267,3080.693925
0.0,3274,3091.97593
3.0,1271,3096.366859
2.0,802,3099.132668
2.0,370,3100.413995
2.0,296,3101.445313
1.0,300,3102.492268
8.0,299,3103.539203
11.0,268,3104.476766
8.0,399,3105.867484
2.0,987,3109.273962
11.0,267,3110.211535
9.0,373,3111.508497
11.0,547,3113.414864
11.0,267,3114.352436
11.0,698,3116.758837
2.0,181,3117.399515
1.0,569,3119.368387
1.0,610,3121.477918
11.0,830,3124.353096
16.0,365,3125.603189
11.0,908,3128.744014
12.0,766,3131.384815
6.0,377,3132.697413
2.0,212,3133.431829
11.0,267,3134.36939
2.0,182,3135.010058
10.0,532,3136.853932
2.0,181,3137.494602
2.0,334,3138.650938
2.0,238,3139.479107
12.0,742,3142.041779
6.0,648,3144.291929
5.0,1736,3150.261089
1.0,152,3150.792364
6.0,464,3152.417473
11.0,267,3153.355036
6.0,317,3154.448868
6.0,343,3155.636438
11.0,297,3156.683393
0.0,327,3157.824085
8.0,425,3159.308562
11.0,267,3160.230496
2.0,192,3160.902416
11.0,267,3161.824353
1.0,152,3162.371264
11.0,470,3163.996382
11.0,267,3164.933935
2.0,182,3165.574614
6.0,347,3166.777809
1.0,181,3167.40286
2.0,284,3168.387301
7.0,416,3169.840514
11.0,267,3170.778077
11.0,268,3171.700013
1.0,449,3173.262618
12.0,532,3175.106501
11.0,267,3176.044054
11.0,267,3176.981616
1.0,229,3177.778545
11.0,326,3178.919256
2.0,185,3179.591176
2.0,305,3180.653747
2.0,247,3181.513262
5.0,308,3182.575741
2.0,541,3184.450866
0.0,153,3184.997787
7.0,453,3186.560382
11.0,287,3187.576076
0.0,1320,3192.123254
11.0,523,3193.935886
11.0,468,3195.873505
0.0,166,3196.467294
11.0,785,3199.186227
3.0,303,3200.233181
0.0,276,3201.201987
1.0,416,3202.639592
1.0,489,3204.342831
9.0,497,3206.061687
2.0,1757,3212.108966
2.0,1282,3216.531146
2.0,482,3218.203124
11.0,1020,3221.718984
9.0,476,3223.375346
7.0,251,3224.266029
12.0,805,3227.047465
11.0,269,3227.985029
1.0,255,3228.875723
11.0,316,3229.985162
9.0,401,3231.37589
1.0,1139,3235.313643
5.0,297,3236.344963
1.0,247,3237.220021
5.0,2046,3244.267367
2.0,679,3246.6269
0.0,253,3247.517585
2.0,433,3249.017685
1.0,249,3249.877118
0.0,213,3250.627168
0.0,262,3251.549105
9.0,323,3252.689806
0.0,202,3253.392979
9.0,426,3254.893078
3.0,558,3256.877586
2.0,182,3257.549506
11.0,267,3258.487079
11.0,267,3259.424641
3.0,210,3260.174681
0.0,124,3260.627846
3.0,210,3261.362394
11.0,267,3262.315449
0.0,1351,3267.01889
7.0,386,3268.362729
1.0,152,3268.894014
2.0,182,3269.534683
1.0,557,3271.456686
12.0,453,3273.034917
13.0,471,3274.675661
7.0,324,3275.800727
10.0,419,3277.253959
4.0,506,3279.004066
11.0,267,3279.941629
3.0,247,3280.801062
2.0,348,3282.004368
11.0,267,3282.941829
3.0,532,3284.785734
0.0,161,3285.34824
0.0,125,3285.78577
0.0,125,3286.223309
3.0,214,3286.973359
2.0,357,3288.223443
2.0,751,3290.817356
8.0,295,3291.848675
11.0,267,3292.786248
5.0,324,3293.926949
3.0,248,3294.786372
3.0,280,3295.770823
11.0,269,3296.708376
4.0,317,3297.817834
2.0,465,3299.427307
2.0,201,3300.130489
1.0,176,3300.755522
5.0,351,3301.974353
11.0,267,3302.911916
7.0,246,3303.771357
11.0,267,3304.70891
1.0,683,3307.068531
3.0,252,3307.943512
2.0,272,3308.881075
2.0,182,3309.537437
5.0,307,3310.59993
4.0,251,3311.490624
0.0,1108,3315.303428
1.0,1768,3321.397527
3.0,268,3322.335089
5.0,310,3323.413287
9.0,400,3324.835257
5.0,758,3327.460442
11.0,267,3328.397995
2.0,348,3329.601201
6.0,366,3330.882546
2.0,812,3333.695234
0.0,1304,3338.1799
11.0,267,3339.117462
8.0,275,3340.086277
0.0,546,3341.977029
2.0,302,3343.023983
2.0,412,3344.445954
8.0,444,3345.992922
9.0,459,3347.586789
2.0,404,3348.993123
4.0,263,3349.91506
1.0,1394,3354.712255
11.0,267,3355.649819
11.0,267,3356.587381
2.0,508,3358.353133
11.0,267,3359.290687
1.0,150,3359.821972
2.0,305,3360.884544
1.0,455,3362.462783
4.0,297,3363.494099
10.0,447,3365.056698
2.0,340,3366.244277
2.0,198,3366.947448
11.0,267,3367.885012
9.0,400,3369.27573
11.0,267,3370.213302
2.0,887,3373.291623
1.0,165,3373.869786
12.0,281,3374.854227
6.0,395,3376.244946
3.0,229,3377.041874
11.0,267,3377.979437
3.0,214,3378.729487
2.0,182,3379.370154
4.0,295,3380.385858
2.0,182,3381.026515
4.0,500,3382.761007
2.0,182,3383.401685
9.0,400,3384.792403
4.0,279,3385.761207
1.0,169,3386.354998
0.0,122,3386.792526
1.0,173,3387.402018
11.0,267,3388.339504
3.0,897,3391.449089
11.0,267,3392.386651
2.0,274,3393.339839
11.0,368,3394.621185
12.0,281,3395.605616
1.0,153,3396.136901
2.0,201,3396.85571
1.0,151,3397.386994
3.0,249,3398.262043
2.0,291,3399.262121
4.0,268,3400.215299
1.0,153,3400.762211
1.0,209,3401.481019
2.0,180,3402.121677
1.0,153,3402.652962
1.0,150,3403.184258
3.0,407,3404.590592
1.0,176,3405.215644
4.0,266,3406.153197
4.0,258,3407.043987
1.0,151,3407.575177
8.0,275,3408.543981
3.0,286,3409.544058
1.0,210,3410.278472
3.0,273,3411.231672
2.0,188,3411.903581
1.0,150,3412.434877
1.0,152,3412.966152
2.0,189,3413.638082
1.0,152,3414.169358
3.0,235,3414.997538
2.0,246,3415.856971
2.0,220,3416.622647
6.0,769,3419.279084
7.0,246,3420.138516
5.0,327,3421.279218
11.0,273,3422.232397
0.0,125,3422.669926
3.0,226,3423.466864
4.0,258,3424.373362
9.0,325,3425.498241
4.0,259,3426.404561
2.0,202,3427.123349
4.0,242,3427.967156
3.0,214,3428.732831
1.0,152,3429.264128
7.0,424,3430.732966
1.0,185,3431.38926
1.0,152,3431.920545
1.0,152,3432.45183
0.0,139,3432.951864
2.0,182,3433.576906
6.0,319,3434.701981
0.0,125,3435.139521
6.0,365,3436.40522
7.0,245,3437.264663
9.0,323,3438.389728
11.0,267,3439.32729
3.0,229,3440.124218
0.0,238,3440.968025
11.0,685,3443.343185
0.0,125,3443.780714
12.0,405,3445.202684
8.0,453,3446.780915
2.0,895,3449.874871
11.0,293,3450.90619
3.0,251,3451.781259
2.0,224,3452.562551
12.0,289,3453.578253
1.0,180,3454.218912
1.0,298,3455.250231
11.0,267,3456.187804
9.0,419,3457.641016
6.0,406,3459.04736
8.0,694,3461.469397
11.0,267,3462.406969
1.0,156,3462.953871
2.0,267,3463.891434
6.0,378,3465.219648
2.0,518,3467.032269
8.0,524,3468.876153
3.0,246,3469.735575
2.0,872,3472.860784
